Addam-Marbrand,Jaime-Lannister,3,1
Addam-Marbrand,Tywin-Lannister,6,1
Aegon-I-Targaryen,Daenerys-Targaryen,5,1
Aegon-I-Targaryen,Eddard-Stark,4,1
Aemon-Targaryen-(Maester-Aemon),Alliser-Thorne,4,1
Aemon-Targaryen-(Maester-Aemon),Bowen-Marsh,4,1
Aemon-Targaryen-(Maester-Aemon),Chett,9,1
Aemon-Targaryen-(Maester-Aemon),Clydas,5,1
Aemon-Targaryen-(Maester-Aemon),Jeor-Mormont,13,1
Aemon-Targaryen-(Maester-Aemon),Jon-Snow,34,1
Aemon-Targaryen-(Maester-Aemon),Samwell-Tarly,5,1
Aerys-II-Targaryen,Brandon-Stark,4,1
Aerys-II-Targaryen,Eddard-Stark,10,1
Aerys-II-Targaryen,Gerold-Hightower,3,1
Aerys-II-Targaryen,Jaime-Lannister,5,1
Aerys-II-Targaryen,Jon-Arryn,3,1
Aerys-II-Targaryen,Robert-Baratheon,12,1
Aggo,Daenerys-Targaryen,11,1
Aggo,Drogo,6,1
Aggo,Jhogo,4,1
Aggo,Jorah-Mormont,5,1
Aggo,Quaro,3,1
Aggo,Rakharo,7,1
Albett,Halder,3,1
Albett,Jon-Snow,5,1
Albett,Rast,3,1
Alliser-Thorne,Bowen-Marsh,3,1
Alliser-Thorne,Grenn,3,1
Alliser-Thorne,Halder,4,1
Alliser-Thorne,Jeor-Mormont,10,1
Alliser-Thorne,Jon-Snow,32,1
Alliser-Thorne,Pypar,4,1
Alliser-Thorne,Rast,5,1
Alliser-Thorne,Samwell-Tarly,8,1
Alliser-Thorne,Tyrion-Lannister,7,1
Alyn,Eddard-Stark,11,1
Alyn,Harwin,6,1
Alyn,Jory-Cassel,8,1
Alyn,Robert-Baratheon,4,1
Alyn,Tomard,3,1
Arthur-Dayne,Gerold-Hightower,4,1
Arya-Stark,Benjen-Stark,3,1
Arya-Stark,Bran-Stark,14,1
Arya-Stark,Catelyn-Stark,5,1
Arya-Stark,Cersei-Lannister,12,1
Arya-Stark,Desmond,3,1
Arya-Stark,Eddard-Stark,30,1
Arya-Stark,Ilyn-Payne,5,1
Arya-Stark,Jeyne-Poole,10,1
Arya-Stark,Joffrey-Baratheon,39,1
Arya-Stark,Jon-Snow,37,1
Arya-Stark,Jory-Cassel,12,1
Arya-Stark,Meryn-Trant,4,1
Arya-Stark,Mordane,39,1
Arya-Stark,Mycah,18,1
Arya-Stark,Myrcella-Baratheon,13,1
Arya-Stark,Petyr-Baelish,3,1
Arya-Stark,Rickon-Stark,7,1
Arya-Stark,Robb-Stark,15,1
Arya-Stark,Robert-Baratheon,8,1
Arya-Stark,Rodrik-Cassel,3,1
Arya-Stark,Sandor-Clegane,7,1
Arya-Stark,Sansa-Stark,104,1
Arya-Stark,Syrio-Forel,20,1
Arya-Stark,Tomard,6,1
Arya-Stark,Tommen-Baratheon,5,1
Arya-Stark,Vayon-Poole,4,1
Arya-Stark,Yoren,4,1
Arys-Oakheart,Cersei-Lannister,3,1
Balon-Greyjoy,Eddard-Stark,3,1
Balon-Greyjoy,Robert-Baratheon,4,1
Balon-Swann,Renly-Baratheon,3,1
Balon-Swann,Sandor-Clegane,3,1
Barristan-Selmy,Boros-Blount,3,1
Barristan-Selmy,Cersei-Lannister,12,1
Barristan-Selmy,Eddard-Stark,28,1
Barristan-Selmy,Jaime-Lannister,4,1
Barristan-Selmy,Joffrey-Baratheon,6,1
Barristan-Selmy,Jon-Arryn,4,1
Barristan-Selmy,Meryn-Trant,3,1
Barristan-Selmy,Petyr-Baelish,7,1
Barristan-Selmy,Pycelle,8,1
Barristan-Selmy,Renly-Baratheon,13,1
Barristan-Selmy,Robert-Baratheon,40,1
Barristan-Selmy,Sandor-Clegane,3,1
Barristan-Selmy,Sansa-Stark,3,1
Barristan-Selmy,Varys,9,1
Benjen-Stark,Bran-Stark,6,1
Benjen-Stark,Cersei-Lannister,3,1
Benjen-Stark,Jaremy-Rykker,3,1
Benjen-Stark,Jeor-Mormont,9,1
Benjen-Stark,Jon-Snow,41,1
Benjen-Stark,Luwin,7,1
Benjen-Stark,Mance-Rayder,3,1
Benjen-Stark,Robb-Stark,7,1
Benjen-Stark,Robert-Baratheon,3,1
Benjen-Stark,Theon-Greyjoy,4,1
Benjen-Stark,Tyrion-Lannister,8,1
Benjen-Stark,Waymar-Royce,3,1
Benjen-Stark,Yoren,4,1
Beric-Dondarrion,Eddard-Stark,3,1
Beric-Dondarrion,Gregor-Clegane,6,1
Beric-Dondarrion,Loras-Tyrell,5,1
Beric-Dondarrion,Robert-Baratheon,5,1
Beric-Dondarrion,Sansa-Stark,4,1
Beric-Dondarrion,Thoros-of-Myr,5,1
Boros-Blount,Cersei-Lannister,9,1
Boros-Blount,Joffrey-Baratheon,3,1
Boros-Blount,Meryn-Trant,5,1
Boros-Blount,Sansa-Stark,6,1
Bowen-Marsh,Jeor-Mormont,8,1
Bowen-Marsh,Jon-Snow,10,1
Bowen-Marsh,Samwell-Tarly,3,1
Bran-Stark,Catelyn-Stark,18,1
Bran-Stark,Cersei-Lannister,6,1
Bran-Stark,Eddard-Stark,19,1
Bran-Stark,Hali,3,1
Bran-Stark,Hallis-Mollen,3,1
Bran-Stark,Hodor,29,1
Bran-Stark,Hullen,3,1
Bran-Stark,Jeor-Mormont,4,1
Bran-Stark,Joffrey-Baratheon,3,1
Bran-Stark,Jon-Arryn,7,1
Bran-Stark,Jon-Snow,56,1
Bran-Stark,Jory-Cassel,11,1
Bran-Stark,Joseth,4,1
Bran-Stark,Luwin,65,1
Bran-Stark,Nan,17,1
Bran-Stark,Osha,12,1
Bran-Stark,Petyr-Baelish,3,1
Bran-Stark,Renly-Baratheon,3,1
Bran-Stark,Rickard-Karstark,4,1
Bran-Stark,Rickard-Stark,4,1
Bran-Stark,Rickon-Stark,32,1
Bran-Stark,Robb-Stark,112,1
Bran-Stark,Robert-Baratheon,11,1
Bran-Stark,Rodrik-Cassel,6,1
Bran-Stark,Sansa-Stark,10,1
Bran-Stark,Stiv,4,1
Bran-Stark,Theon-Greyjoy,23,1
Bran-Stark,Tommen-Baratheon,5,1
Bran-Stark,Tyrion-Lannister,31,1
Bran-Stark,Yoren,3,1
Brandon-Stark,Eddard-Stark,11,1
Brandon-Stark,Lyanna-Stark,4,1
Brandon-Stark,Petyr-Baelish,14,1
Brandon-Stark,Rickard-Stark,3,1
Brandon-Stark,Robert-Baratheon,5,1
Bronn,Catelyn-Stark,6,1
Bronn,Chiggen,8,1
Bronn,Marillion,4,1
Bronn,Rodrik-Cassel,4,1
Bronn,Shae,3,1
Bronn,Shagga,3,1
Bronn,Tyrion-Lannister,61,1
Bronn,Tywin-Lannister,4,1
Bronn,Vardis-Egen,11,1
Bronn,Willis-Wode,5,1
Brynden-Tully,Catelyn-Stark,16,1
Brynden-Tully,Edmure-Tully,3,1
Brynden-Tully,Hoster-Tully,5,1
Brynden-Tully,Jaime-Lannister,7,1
Brynden-Tully,Lysa-Arryn,10,1
Brynden-Tully,Nestor-Royce,3,1
Brynden-Tully,Robb-Stark,9,1
Brynden-Tully,Theon-Greyjoy,6,1
Brynden-Tully,Tyrion-Lannister,4,1
Brynden-Tully,Tywin-Lannister,3,1
Brynden-Tully,Walder-Frey,3,1
Catelyn-Stark,Cersei-Lannister,12,1
Catelyn-Stark,Colemon,3,1
Catelyn-Stark,Donnel-Waynwood,3,1
Catelyn-Stark,Eddard-Stark,64,1
Catelyn-Stark,Edmure-Tully,7,1
Catelyn-Stark,Eon-Hunter,3,1
Catelyn-Stark,Hallis-Mollen,10,1
Catelyn-Stark,Hoster-Tully,6,1
Catelyn-Stark,Jaime-Lannister,9,1
Catelyn-Stark,Joffrey-Baratheon,4,1
Catelyn-Stark,Jon-Arryn,11,1
Catelyn-Stark,Jon-Snow,14,1
Catelyn-Stark,Jon-Umber-(Greatjon),4,1
Catelyn-Stark,Luwin,14,1
Catelyn-Stark,Lysa-Arryn,33,1
Catelyn-Stark,Marillion,6,1
Catelyn-Stark,Masha-Heddle,5,1
Catelyn-Stark,Moreo-Tumitis,3,1
Catelyn-Stark,Mya-Stone,9,1
Catelyn-Stark,Mychel-Redfort,3,1
Catelyn-Stark,Nestor-Royce,3,1
Catelyn-Stark,Petyr-Baelish,22,1
Catelyn-Stark,Rickard-Karstark,6,1
Catelyn-Stark,Rickon-Stark,3,1
Catelyn-Stark,Robb-Stark,49,1
Catelyn-Stark,Robert-Arryn,3,1
Catelyn-Stark,Robert-Baratheon,22,1
Catelyn-Stark,Rodrik-Cassel,25,1
Catelyn-Stark,Sansa-Stark,9,1
Catelyn-Stark,Stevron-Frey,5,1
Catelyn-Stark,Theon-Greyjoy,9,1
Catelyn-Stark,Tyrion-Lannister,49,1
Catelyn-Stark,Tytos-Blackwood,4,1
Catelyn-Stark,Tywin-Lannister,7,1
Catelyn-Stark,Vardis-Egen,5,1
Catelyn-Stark,Varys,10,1
Catelyn-Stark,Walder-Frey,13,1
Catelyn-Stark,Wendel-Manderly,3,1
Catelyn-Stark,Willis-Wode,5,1
Cayn,Eddard-Stark,7,1
Cayn,Renly-Baratheon,3,1
Cayn,Tomard,6,1
Cersei-Lannister,Eddard-Stark,69,1
Cersei-Lannister,Ilyn-Payne,4,1
Cersei-Lannister,Jaime-Lannister,16,1
Cersei-Lannister,Janos-Slynt,4,1
Cersei-Lannister,Joffrey-Baratheon,42,1
Cersei-Lannister,Jon-Arryn,7,1
Cersei-Lannister,Jon-Snow,4,1
Cersei-Lannister,Jory-Cassel,5,1
Cersei-Lannister,Meryn-Trant,4,1
Cersei-Lannister,Mordane,3,1
Cersei-Lannister,Myrcella-Baratheon,7,1
Cersei-Lannister,Petyr-Baelish,13,1
Cersei-Lannister,Pycelle,9,1
Cersei-Lannister,Renly-Baratheon,5,1
Cersei-Lannister,Robert-Baratheon,72,1
Cersei-Lannister,Sandor-Clegane,5,1
Cersei-Lannister,Sansa-Stark,29,1
Cersei-Lannister,Stannis-Baratheon,5,1
Cersei-Lannister,Tommen-Baratheon,4,1
Cersei-Lannister,Tyrion-Lannister,27,1
Cersei-Lannister,Tywin-Lannister,10,1
Cersei-Lannister,Varys,19,1
Cersei-Lannister,Vayon-Poole,4,1
Chella,Tyrion-Lannister,5,1
Chett,Jon-Snow,4,1
Chett,Samwell-Tarly,6,1
Chiggen,Tyrion-Lannister,5,1
Chiggen,Willis-Wode,3,1
Clement-Piper,Karyl-Vance,4,1
Cohollo,Daenerys-Targaryen,7,1
Cohollo,Drogo,9,1
Cohollo,Haggo,7,1
Cohollo,Qotho,6,1
Colemon,Vardis-Egen,4,1
Conn,Coratt,5,1
Conn,Shagga,9,1
Conn,Tyrion-Lannister,6,1
Daenerys-Targaryen,Doreah,15,1
Daenerys-Targaryen,Drogo,101,1
Daenerys-Targaryen,Eddard-Stark,5,1
Daenerys-Targaryen,Eroeh,5,1
Daenerys-Targaryen,Haggo,12,1
Daenerys-Targaryen,Illyrio-Mopatis,24,1
Daenerys-Targaryen,Irri,25,1
Daenerys-Targaryen,Jhiqui,26,1
Daenerys-Targaryen,Jhogo,17,1
Daenerys-Targaryen,Jorah-Mormont,75,1
Daenerys-Targaryen,Mirri-Maz-Duur,31,1
Daenerys-Targaryen,Qotho,18,1
Daenerys-Targaryen,Quaro,5,1
Daenerys-Targaryen,Rakharo,4,1
Daenerys-Targaryen,Rhaegar-Targaryen,4,1
Daenerys-Targaryen,Robert-Baratheon,11,1
Daenerys-Targaryen,Varys,5,1
Daenerys-Targaryen,Viserys-Targaryen,37,1
Danwell-Frey,Hosteen-Frey,3,1
Danwell-Frey,Jared-Frey,3,1
Danwell-Frey,Walder-Frey,3,1
Dareon,Jon-Snow,6,1
Daryn-Hornwood,Eddard-Stark,3,1
Daryn-Hornwood,Torrhen-Karstark,3,1
Desmond,Eddard-Stark,4,1
Dolf,Shagga,7,1
Donal-Noye,Jon-Snow,7,1
Doreah,Drogo,5,1
Doreah,Irri,14,1
Doreah,Jhiqui,11,1
Doreah,Jorah-Mormont,3,1
Doreah,Viserys-Targaryen,3,1
Drogo,Haggo,9,1
Drogo,Illyrio-Mopatis,16,1
Drogo,Irri,9,1
Drogo,Jhiqui,5,1
Drogo,Jhogo,7,1
Drogo,Jommo,3,1
Drogo,Jorah-Mormont,16,1
Drogo,Mirri-Maz-Duur,12,1
Drogo,Ogo,11,1
Drogo,Qotho,13,1
Drogo,Quaro,3,1
Drogo,Rakharo,4,1
Drogo,Rhaego,5,1
Drogo,Robert-Baratheon,3,1
Drogo,Viserys-Targaryen,19,1
Dywen,Jon-Snow,4,1
Eddard-Stark,Edmure-Tully,3,1
Eddard-Stark,Galbart-Glover,4,1
Eddard-Stark,Gendry,3,1
Eddard-Stark,Gerold-Hightower,3,1
Eddard-Stark,Gregor-Clegane,10,1
Eddard-Stark,Harwin,5,1
Eddard-Stark,High-Septon-(fat_one),4,1
Eddard-Stark,Howland-Reed,3,1
Eddard-Stark,Ilyn-Payne,6,1
Eddard-Stark,Jacks,4,1
Eddard-Stark,Jaime-Lannister,27,1
Eddard-Stark,Janos-Slynt,4,1
Eddard-Stark,Joffrey-Baratheon,26,1
Eddard-Stark,Jon-Arryn,47,1
Eddard-Stark,Jon-Snow,38,1
Eddard-Stark,Jory-Cassel,32,1
Eddard-Stark,Joss,5,1
Eddard-Stark,Loras-Tyrell,12,1
Eddard-Stark,Luwin,16,1
Eddard-Stark,Lyanna-Stark,19,1
Eddard-Stark,Lysa-Arryn,12,1
Eddard-Stark,Marq-Piper,3,1
Eddard-Stark,Mordane,11,1
Eddard-Stark,Mycah,3,1
Eddard-Stark,Petyr-Baelish,81,1
Eddard-Stark,Porther,4,1
Eddard-Stark,Pycelle,33,1
Eddard-Stark,Raymun-Darry,4,1
Eddard-Stark,Renly-Baratheon,33,1
Eddard-Stark,Rhaegar-Targaryen,10,1
Eddard-Stark,Rickard-Karstark,4,1
Eddard-Stark,Rickon-Stark,4,1
Eddard-Stark,Robb-Stark,16,1
Eddard-Stark,Robert-Baratheon,291,1
Eddard-Stark,Rodrik-Cassel,7,1
Eddard-Stark,Sandor-Clegane,10,1
Eddard-Stark,Sansa-Stark,34,1
Eddard-Stark,Stannis-Baratheon,18,1
Eddard-Stark,Syrio-Forel,6,1
Eddard-Stark,Theon-Greyjoy,5,1
Eddard-Stark,Tobho-Mott,7,1
Eddard-Stark,Tomard,15,1
Eddard-Stark,Torrhen-Karstark,5,1
Eddard-Stark,Tregar,4,1
Eddard-Stark,Tyrion-Lannister,21,1
Eddard-Stark,Tywin-Lannister,18,1
Eddard-Stark,Varly,4,1
Eddard-Stark,Varys,61,1
Eddard-Stark,Vayon-Poole,12,1
Eddard-Stark,Wyl-(guard),3,1
Eddard-Stark,Wylla,3,1
Edmure-Tully,Hoster-Tully,7,1
Edmure-Tully,Jaime-Lannister,4,1
Edmure-Tully,Karyl-Vance,4,1
Edmure-Tully,Lysa-Arryn,5,1
Edmure-Tully,Marq-Piper,3,1
Edmure-Tully,Petyr-Baelish,4,1
Edmure-Tully,Robb-Stark,5,1
Edmure-Tully,Tytos-Blackwood,3,1
Eon-Hunter,Lysa-Arryn,3,1
Eon-Hunter,Vardis-Egen,3,1
Fogo,Ogo,4,1
Galbart-Glover,Jaime-Lannister,3,1
Galbart-Glover,Jon-Umber-(Greatjon),4,1
Galbart-Glover,Rickard-Karstark,4,1
Galbart-Glover,Robb-Stark,5,1
Galbart-Glover,Roose-Bolton,3,1
Gared,Jeor-Mormont,4,1
Gared,Waymar-Royce,13,1
Gared,Will-(prologue),12,1
Gerold-Hightower,Oswell-Whent,3,1
Gerold-Hightower,Robert-Baratheon,4,1
Gregor-Clegane,Jaime-Lannister,3,1
Gregor-Clegane,Loras-Tyrell,10,1
Gregor-Clegane,Marq-Piper,6,1
Gregor-Clegane,Petyr-Baelish,3,1
Gregor-Clegane,Pycelle,3,1
Gregor-Clegane,Robert-Baratheon,4,1
Gregor-Clegane,Sandor-Clegane,11,1
Gregor-Clegane,Sansa-Stark,5,1
Gregor-Clegane,Tyrion-Lannister,7,1
Gregor-Clegane,Tywin-Lannister,6,1
Grenn,Halder,6,1
Grenn,Jeor-Mormont,3,1
Grenn,Jon-Snow,31,1
Grenn,Pypar,27,1
Grenn,Samwell-Tarly,8,1
Grenn,Todder,7,1
Gunthor-son-of-Gurn,Tyrion-Lannister,7,1
Haggo,Mirri-Maz-Duur,3,1
Haggo,Qotho,11,1
Haggo,Rakharo,3,1
Halder,Jon-Snow,23,1
Halder,Pypar,8,1
Halder,Rast,3,1
Halder,Samwell-Tarly,6,1
Halder,Todder,3,1
Hallis-Mollen,Luwin,4,1
Hallis-Mollen,Robb-Stark,13,1
Hallis-Mollen,Theon-Greyjoy,7,1
Harwin,Hullen,3,1
Harwin,Jory-Cassel,4,1
Harys-Swyft,Jaime-Lannister,3,1
Heward,Jory-Cassel,5,1
Heward,Wyl-(guard),3,1
High-Septon-(fat_one),Joffrey-Baratheon,4,1
Hobb,Jon-Snow,5,1
Hodor,Luwin,10,1
Hodor,Nan,8,1
Hodor,Robb-Stark,5,1
Hosteen-Frey,Jared-Frey,3,1
Hoster-Tully,Lysa-Arryn,3,1
Hoster-Tully,Robert-Baratheon,3,1
Hugh,Jon-Arryn,3,1
Hullen,Jory-Cassel,5,1
Hullen,Luwin,3,1
Hullen,Robb-Stark,3,1
Hullen,Rodrik-Cassel,3,1
Illyrio-Mopatis,Irri,3,1
Illyrio-Mopatis,Jorah-Mormont,7,1
Illyrio-Mopatis,Robert-Baratheon,6,1
Illyrio-Mopatis,Viserys-Targaryen,14,1
Ilyn-Payne,Jeyne-Poole,3,1
Ilyn-Payne,Joffrey-Baratheon,4,1
Ilyn-Payne,Loras-Tyrell,3,1
Ilyn-Payne,Robert-Baratheon,4,1
Ilyn-Payne,Sansa-Stark,9,1
Ilyn-Payne,Varys,5,1
Irri,Jhiqui,14,1
Irri,Jhogo,7,1
Irri,Jorah-Mormont,4,1
Irri,Viserys-Targaryen,5,1
Jafer-Flowers,Jaremy-Rykker,3,1
Jaime-Lannister,Joffrey-Baratheon,12,1
Jaime-Lannister,Jon-Arryn,5,1
Jaime-Lannister,Jory-Cassel,4,1
Jaime-Lannister,Kevan-Lannister,4,1
Jaime-Lannister,Loras-Tyrell,3,1
Jaime-Lannister,Lysa-Arryn,6,1
Jaime-Lannister,Petyr-Baelish,7,1
Jaime-Lannister,Renly-Baratheon,4,1
Jaime-Lannister,Rickard-Karstark,3,1
Jaime-Lannister,Robb-Stark,9,1
Jaime-Lannister,Robert-Baratheon,24,1
Jaime-Lannister,Rodrik-Cassel,3,1
Jaime-Lannister,Sandor-Clegane,12,1
Jaime-Lannister,Sansa-Stark,3,1
Jaime-Lannister,Tyrion-Lannister,36,1
Jaime-Lannister,Tywin-Lannister,16,1
Jaime-Lannister,Varys,3,1
Jaime-Lannister,Wyl-(guard),3,1
Janos-Slynt,Joffrey-Baratheon,4,1
Janos-Slynt,Petyr-Baelish,3,1
Janos-Slynt,Pycelle,3,1
Janos-Slynt,Robert-Baratheon,4,1
Janos-Slynt,Sansa-Stark,3,1
Jaremy-Rykker,Jeor-Mormont,11,1
Jaremy-Rykker,Jon-Snow,7,1
Jeor-Mormont,Jon-Snow,81,1
Jeor-Mormont,Robert-Baratheon,4,1
Jeor-Mormont,Samwell-Tarly,8,1
Jeor-Mormont,Tyrion-Lannister,23,1
Jeor-Mormont,Yoren,3,1
Jeyne-Poole,Loras-Tyrell,4,1
Jeyne-Poole,Mordane,7,1
Jeyne-Poole,Robert-Baratheon,3,1
Jeyne-Poole,Sansa-Stark,27,1
Jhiqui,Jorah-Mormont,4,1
Jhogo,Jorah-Mormont,5,1
Jhogo,Mirri-Maz-Duur,3,1
Joffrey-Baratheon,Jon-Snow,10,1
Joffrey-Baratheon,Loras-Tyrell,3,1
Joffrey-Baratheon,Meryn-Trant,3,1
Joffrey-Baratheon,Mordane,9,1
Joffrey-Baratheon,Mycah,14,1
Joffrey-Baratheon,Myrcella-Baratheon,5,1
Joffrey-Baratheon,Petyr-Baelish,11,1
Joffrey-Baratheon,Pycelle,4,1
Joffrey-Baratheon,Renly-Baratheon,9,1
Joffrey-Baratheon,Robb-Stark,19,1
Joffrey-Baratheon,Robert-Baratheon,30,1
Joffrey-Baratheon,Rodrik-Cassel,9,1
Joffrey-Baratheon,Sandor-Clegane,24,1
Joffrey-Baratheon,Sansa-Stark,87,1
Joffrey-Baratheon,Stannis-Baratheon,7,1
Joffrey-Baratheon,Tommen-Baratheon,8,1
Joffrey-Baratheon,Tyrion-Lannister,13,1
Joffrey-Baratheon,Tywin-Lannister,3,1
Joffrey-Baratheon,Varys,7,1
Jommo,Ogo,3,1
Jon-Arryn,Lysa-Arryn,12,1
Jon-Arryn,Petyr-Baelish,4,1
Jon-Arryn,Pycelle,11,1
Jon-Arryn,Robert-Baratheon,32,1
Jon-Arryn,Stannis-Baratheon,13,1
Jon-Arryn,Tyrion-Lannister,5,1
Jon-Arryn,Varys,5,1
Jon-Snow,Jory-Cassel,3,1
Jon-Snow,Luwin,10,1
Jon-Snow,Matthar,3,1
Jon-Snow,Mordane,4,1
Jon-Snow,Othor,5,1
Jon-Snow,Pypar,45,1
Jon-Snow,Rast,8,1
Jon-Snow,Rickon-Stark,11,1
Jon-Snow,Robb-Stark,53,1
Jon-Snow,Robert-Baratheon,18,1
Jon-Snow,Rodrik-Cassel,3,1
Jon-Snow,Samwell-Tarly,81,1
Jon-Snow,Sansa-Stark,8,1
Jon-Snow,Theon-Greyjoy,8,1
Jon-Snow,Todder,13,1
Jon-Snow,Tyrion-Lannister,56,1
Jon-Snow,Yoren,6,1
Jon-Umber-(Greatjon),Maege-Mormont,5,1
Jon-Umber-(Greatjon),Rickard-Karstark,7,1
Jon-Umber-(Greatjon),Robb-Stark,8,1
Jon-Umber-(Greatjon),Roose-Bolton,3,1
Jon-Umber-(Greatjon),Theon-Greyjoy,5,1
Jon-Umber-(Greatjon),Tywin-Lannister,3,1
Jonos-Bracken,Tytos-Blackwood,3,1
Jorah-Mormont,Mirri-Maz-Duur,5,1
Jorah-Mormont,Qotho,7,1
Jorah-Mormont,Rhaegar-Targaryen,5,1
Jorah-Mormont,Robert-Baratheon,3,1
Jorah-Mormont,Viserys-Targaryen,15,1
Jory-Cassel,Mordane,3,1
Jory-Cassel,Petyr-Baelish,8,1
Jory-Cassel,Robb-Stark,9,1
Jory-Cassel,Robert-Baratheon,7,1
Jory-Cassel,Rodrik-Cassel,5,1
Jory-Cassel,Sansa-Stark,9,1
Jory-Cassel,Stannis-Baratheon,3,1
Jory-Cassel,Theon-Greyjoy,3,1
Jory-Cassel,Tomard,5,1
Jory-Cassel,Vayon-Poole,5,1
Jory-Cassel,Wyl-(guard),6,1
Joseth,Luwin,3,1
Jyck,Morrec,5,1
Jyck,Tyrion-Lannister,6,1
Karyl-Vance,Marq-Piper,3,1
Kevan-Lannister,Tyrion-Lannister,15,1
Kevan-Lannister,Tywin-Lannister,9,1
Kurleket,Tyrion-Lannister,5,1
Lancel-Lannister,Robert-Baratheon,3,1
Leo-Lefford,Tyrion-Lannister,4,1
Loras-Tyrell,Mace-Tyrell,3,1
Loras-Tyrell,Petyr-Baelish,5,1
Loras-Tyrell,Renly-Baratheon,5,1
Loras-Tyrell,Robert-Baratheon,4,1
Loras-Tyrell,Rodrik-Cassel,3,1
Loras-Tyrell,Sandor-Clegane,4,1
Loras-Tyrell,Sansa-Stark,14,1
Luwin,Nan,4,1
Luwin,Osha,16,1
Luwin,Rickard-Karstark,3,1
Luwin,Rickon-Stark,9,1
Luwin,Robb-Stark,20,1
Luwin,Rodrik-Cassel,3,1
Luwin,Theon-Greyjoy,10,1
Luwin,Tommen-Baratheon,3,1
Luwin,Tyrion-Lannister,10,1
Lyanna-Stark,Robert-Baratheon,9,1
Lyanna-Stark,Sansa-Stark,4,1
Lyn-Corbray,Lysa-Arryn,3,1
Lysa-Arryn,Petyr-Baelish,4,1
Lysa-Arryn,Robert-Arryn,8,1
Lysa-Arryn,Robert-Baratheon,5,1
Lysa-Arryn,Stannis-Baratheon,4,1
Lysa-Arryn,Tyrion-Lannister,25,1
Lysa-Arryn,Vardis-Egen,5,1
Mace-Tyrell,Paxter-Redwyne,3,1
Maege-Mormont,Rickard-Karstark,3,1
Maegor-I-Targaryen,Sansa-Stark,4,1
Marillion,Rodrik-Cassel,5,1
Marillion,Tyrion-Lannister,10,1
Marillion,Willis-Wode,4,1
Marq-Piper,Tywin-Lannister,3,1
Meryn-Trant,Robert-Baratheon,3,1
Meryn-Trant,Sandor-Clegane,4,1
Meryn-Trant,Sansa-Stark,5,1
Meryn-Trant,Syrio-Forel,5,1
Mirri-Maz-Duur,Qotho,9,1
Mord,Tyrion-Lannister,20,1
Mordane,Myrcella-Baratheon,12,1
Mordane,Petyr-Baelish,3,1
Mordane,Robert-Baratheon,7,1
Mordane,Sansa-Stark,43,1
Morrec,Tyrion-Lannister,5,1
Mycah,Sandor-Clegane,5,1
Mycah,Sansa-Stark,10,1
Myrcella-Baratheon,Robert-Baratheon,3,1
Myrcella-Baratheon,Sansa-Stark,8,1
Myrcella-Baratheon,Tommen-Baratheon,6,1
Nan,Robb-Stark,4,1
Osha,Robb-Stark,3,1
Petyr-Baelish,Pycelle,14,1
Petyr-Baelish,Renly-Baratheon,12,1
Petyr-Baelish,Robert-Baratheon,30,1
Petyr-Baelish,Rodrik-Cassel,7,1
Petyr-Baelish,Sandor-Clegane,3,1
Petyr-Baelish,Sansa-Stark,8,1
Petyr-Baelish,Tomard,4,1
Petyr-Baelish,Tyrion-Lannister,11,1
Petyr-Baelish,Varys,29,1
Pycelle,Renly-Baratheon,7,1
Pycelle,Robert-Baratheon,26,1
Pycelle,Sansa-Stark,8,1
Pycelle,Stannis-Baratheon,3,1
Pycelle,Tywin-Lannister,4,1
Pycelle,Varys,17,1
Pypar,Rast,4,1
Pypar,Samwell-Tarly,11,1
Pypar,Todder,8,1
Qotho,Quaro,4,1
Quaro,Rakharo,6,1
Randyll-Tarly,Samwell-Tarly,5,1
Rast,Samwell-Tarly,3,1
Raymun-Darry,Robert-Baratheon,8,1
Renly-Baratheon,Robb-Stark,3,1
Renly-Baratheon,Robert-Baratheon,42,1
Renly-Baratheon,Sandor-Clegane,7,1
Renly-Baratheon,Sansa-Stark,5,1
Renly-Baratheon,Stannis-Baratheon,19,1
Renly-Baratheon,Tyrion-Lannister,4,1
Renly-Baratheon,Varys,9,1
Rhaegar-Targaryen,Robert-Baratheon,22,1
Rhaegar-Targaryen,Sansa-Stark,3,1
Rhaegar-Targaryen,Tywin-Lannister,4,1
Rhaegar-Targaryen,Viserys-Targaryen,5,1
Rickard-Karstark,Robb-Stark,9,1
Rickard-Karstark,Roose-Bolton,3,1
Rickon-Stark,Robb-Stark,20,1
Rickon-Stark,Sansa-Stark,8,1
Rickon-Stark,Tyrion-Lannister,4,1
Robb-Stark,Robert-Baratheon,6,1
Robb-Stark,Rodrik-Cassel,15,1
Robb-Stark,Roose-Bolton,6,1
Robb-Stark,Samwell-Tarly,4,1
Robb-Stark,Sansa-Stark,13,1
Robb-Stark,Stiv,3,1
Robb-Stark,Theon-Greyjoy,37,1
Robb-Stark,Torrhen-Karstark,3,1
Robb-Stark,Tyrion-Lannister,11,1
Robb-Stark,Tywin-Lannister,9,1
Robb-Stark,Walder-Frey,7,1
Robb-Stark,Wendel-Manderly,3,1
Robb-Stark,Yoren,3,1
Robert-Arryn,Tyrion-Lannister,9,1
Robert-Baratheon,Sandor-Clegane,9,1
Robert-Baratheon,Sansa-Stark,26,1
Robert-Baratheon,Stannis-Baratheon,21,1
Robert-Baratheon,Tommen-Baratheon,3,1
Robert-Baratheon,Tyrion-Lannister,18,1
Robert-Baratheon,Tywin-Lannister,13,1
Robert-Baratheon,Varys,36,1
Robert-Baratheon,Vayon-Poole,3,1
Robert-Baratheon,Viserys-Targaryen,7,1
Rodrik-Cassel,Theon-Greyjoy,6,1
Rodrik-Cassel,Tyrion-Lannister,10,1
Rodrik-Cassel,Willis-Wode,7,1
Roose-Bolton,Tywin-Lannister,4,1
Sandor-Clegane,Sansa-Stark,23,1
Sandor-Clegane,Tyrion-Lannister,5,1
Sansa-Stark,Stannis-Baratheon,3,1
Sansa-Stark,Tomard,3,1
Sansa-Stark,Tyrion-Lannister,3,1
Sansa-Stark,Varys,4,1
Shae,Tyrion-Lannister,12,1
Shagga,Timett,4,1
Shagga,Tyrion-Lannister,17,1
Shagga,Ulf-son-of-Umar,4,1
Stannis-Baratheon,Tywin-Lannister,4,1
Stannis-Baratheon,Varys,5,1
Stevron-Frey,Walder-Frey,3,1
Theon-Greyjoy,Tyrion-Lannister,3,1
Theon-Greyjoy,Tywin-Lannister,3,1
Theon-Greyjoy,Walder-Frey,4,1
Timett,Tyrion-Lannister,3,1
Tommen-Baratheon,Tyrion-Lannister,3,1
Tyrion-Lannister,Tywin-Lannister,40,1
Tyrion-Lannister,Vardis-Egen,9,1
Tyrion-Lannister,Varys,3,1
Tyrion-Lannister,Willis-Wode,4,1
Tyrion-Lannister,Yoren,10,1
Tywin-Lannister,Varys,4,1
Tywin-Lannister,Walder-Frey,8,1
Waymar-Royce,Will-(prologue),18,1
Aegon-I-Targaryen,Harren-Hoare,4,2
Aegon-I-Targaryen,Nan,3,2
Aegon-I-Targaryen,Rhaenys-Targaryen,4,2
Aegon-I-Targaryen,Tyrion-Lannister,3,2
Aegon-I-Targaryen,Visenya-Targaryen,3,2
Aegon-V-Targaryen,Aemon-Targaryen-(Maester-Aemon),3,2
Aemon-Targaryen-(Maester-Aemon),Daeron-II-Targaryen,3,2
Aemon-Targaryen-(Maester-Aemon),Jeor-Mormont,9,2
Aemon-Targaryen-(Maester-Aemon),Jon-Snow,11,2
Aemon-Targaryen-(Maester-Aemon),Maekar-I-Targaryen,3,2
Aemon-Targaryen-(Maester-Aemon),Samwell-Tarly,5,2
Aenys-Frey,Arya-Stark,6,2
Aeron-Greyjoy,Dagmer,5,2
Aeron-Greyjoy,Theon-Greyjoy,17,2
Aerys-I-Targaryen,Robert-Baratheon,3,2
Aerys-II-Targaryen,Eddard-Stark,5,2
Aerys-II-Targaryen,Jaime-Lannister,4,2
Aerys-II-Targaryen,Rhaegar-Targaryen,4,2
Aerys-II-Targaryen,Robert-Baratheon,6,2
Aerys-II-Targaryen,Tyrion-Lannister,3,2
Aggar,Gariss,3,2
Aggar,Gelmarr,3,2
Aggar,Gynir,3,2
Aggar,Ramsay-Snow,4,2
Aggo,Belwas,3,2
Aggo,Daenerys-Targaryen,10,2
Aggo,Jhogo,12,2
Aggo,Jorah-Mormont,4,2
Aggo,Rakharo,4,2
Alayaya,Dancy,3,2
Alayaya,Tyrion-Lannister,3,2
Alebelly,Bran-Stark,7,2
Alebelly,Hayhead,3,2
Alebelly,Jojen-Reed,6,2
Alebelly,Mikken,3,2
Alester-Florent,Cortnay-Penrose,4,2
Alester-Florent,Davos-Seaworth,3,2
Alester-Florent,Renly-Baratheon,3,2
Alester-Florent,Stannis-Baratheon,5,2
Allar-Deem,Janos-Slynt,3,2
Allar-Deem,Tyrion-Lannister,4,2
Allard-Seaworth,Davos-Seaworth,5,2
Allard-Seaworth,Marya-Seaworth,5,2
Allard-Seaworth,Stannis-Baratheon,3,2
Alliser-Thorne,Jeor-Mormont,3,2
Alliser-Thorne,Joffrey-Baratheon,4,2
Alliser-Thorne,Jon-Snow,3,2
Alliser-Thorne,Tyrion-Lannister,8,2
Amabel,Arya-Stark,6,2
Amabel,Harra,4,2
Amory-Lorch,Arya-Stark,9,2
Amory-Lorch,Cersei-Lannister,4,2
Amory-Lorch,Chiswyck,4,2
Amory-Lorch,Dunsen,3,2
Amory-Lorch,Gendry,3,2
Amory-Lorch,Gregor-Clegane,7,2
Amory-Lorch,Hot-Pie,3,2
Amory-Lorch,Ilyn-Payne,4,2
Amory-Lorch,Joffrey-Baratheon,7,2
Amory-Lorch,Meryn-Trant,5,2
Amory-Lorch,Polliver,3,2
Amory-Lorch,Rafford,5,2
Amory-Lorch,Roose-Bolton,3,2
Amory-Lorch,Sandor-Clegane,5,2
Amory-Lorch,Tickler,5,2
Amory-Lorch,Tywin-Lannister,4,2
Amory-Lorch,Vargo-Hoat,7,2
Amory-Lorch,Yoren,5,2
Ardrian-Celtigar,Monford-Velaryon,5,2
Aron-Santagar,Sandor-Clegane,3,2
Arwyn-Oakheart,Randyll-Tarly,3,2
Arya-Stark,Beric-Dondarrion,5,2
Arya-Stark,Biter,10,2
Arya-Stark,Bran-Stark,10,2
Arya-Stark,Cersei-Lannister,7,2
Arya-Stark,Chiswyck,8,2
Arya-Stark,Dobber,4,2
Arya-Stark,Dunsen,3,2
Arya-Stark,Eddard-Stark,6,2
Arya-Stark,Gendry,36,2
Arya-Stark,Gregor-Clegane,4,2
Arya-Stark,Harra,3,2
Arya-Stark,Harren-Hoare,7,2
Arya-Stark,Hot-Pie,51,2
Arya-Stark,Jaime-Lannister,3,2
Arya-Stark,Jaqen-Hghar,25,2
Arya-Stark,Joffrey-Baratheon,4,2
Arya-Stark,Jon-Snow,13,2
Arya-Stark,Koss,3,2
Arya-Stark,Lommy-Greenhands,31,2
Arya-Stark,Nan,5,2
Arya-Stark,Polliver,3,2
Arya-Stark,Praed,3,2
Arya-Stark,Rafford,5,2
Arya-Stark,Rickon-Stark,5,2
Arya-Stark,Robb-Stark,15,2
Arya-Stark,Robert-Baratheon,4,2
Arya-Stark,Roose-Bolton,13,2
Arya-Stark,Rorge,13,2
Arya-Stark,Sansa-Stark,20,2
Arya-Stark,Syrio-Forel,5,2
Arya-Stark,Tyrion-Lannister,4,2
Arya-Stark,Tywin-Lannister,13,2
Arya-Stark,Vargo-Hoat,6,2
Arya-Stark,Weasel,10,2
Arya-Stark,Weese,15,2
Arya-Stark,Woth,3,2
Arya-Stark,Yoren,28,2
Arys-Oakheart,Joffrey-Baratheon,6,2
Arys-Oakheart,Myrcella-Baratheon,4,2
Arys-Oakheart,Sansa-Stark,3,2
Asha-Greyjoy,Balon-Greyjoy,3,2
Asha-Greyjoy,Dagmer,5,2
Asha-Greyjoy,Theon-Greyjoy,35,2
Asha-Greyjoy,Wex-Pyke,3,2
Axell-Florent,Selyse-Florent,3,2
Axell-Florent,Stannis-Baratheon,6,2
Bael-the-Bard,Ygritte,5,2
Ballabar,Podrick-Payne,3,2
Ballabar,Tyrion-Lannister,12,2
Balon-Greyjoy,Catelyn-Stark,3,2
Balon-Greyjoy,Dagmer,3,2
Balon-Greyjoy,Eddard-Stark,4,2
Balon-Greyjoy,Robb-Stark,5,2
Balon-Greyjoy,Robert-Baratheon,4,2
Balon-Greyjoy,Theon-Greyjoy,27,2
Balon-Greyjoy,Victarion-Greyjoy,4,2
Balon-Swann,Joffrey-Baratheon,6,2
Balon-Swann,Mandon-Moore,3,2
Balon-Swann,Meryn-Trant,3,2
Balon-Swann,Osmund-Kettleblack,4,2
Balon-Swann,Tyrion-Lannister,8,2
Barristan-Selmy,Belwas,5,2
Barristan-Selmy,Cersei-Lannister,5,2
Barristan-Selmy,Daenerys-Targaryen,3,2
Barristan-Selmy,Joffrey-Baratheon,7,2
Barristan-Selmy,Robert-Baratheon,3,2
Barristan-Selmy,Varys,3,2
Belwas,Daenerys-Targaryen,5,2
Belwas,Jhogo,3,2
Belwas,Jorah-Mormont,4,2
Benfred-Tallhart,Helman-Tallhart,3,2
Benfred-Tallhart,Leobald-Tallhart,3,2
Benfred-Tallhart,Stygg,3,2
Benfred-Tallhart,Theon-Greyjoy,7,2
Benjen-Stark,Jeor-Mormont,5,2
Beric-Dondarrion,Thoros-of-Myr,3,2
Beth-Cassel,Bran-Stark,4,2
Beth-Cassel,Rodrik-Cassel,4,2
Beth-Cassel,Theon-Greyjoy,3,2
Biter,Jaqen-Hghar,12,2
Biter,Rorge,14,2
Biter,Yoren,3,2
Boros-Blount,Cersei-Lannister,7,2
Boros-Blount,Gyles-Rosby,5,2
Boros-Blount,Joffrey-Baratheon,11,2
Boros-Blount,Meryn-Trant,13,2
Boros-Blount,Sansa-Stark,8,2
Boros-Blount,Tanda-Stokeworth,3,2
Boros-Blount,Tommen-Baratheon,3,2
Boros-Blount,Tyrion-Lannister,8,2
Bran-Stark,Catelyn-Stark,3,2
Bran-Stark,Chayle,3,2
Bran-Stark,Cley-Cerwyn,5,2
Bran-Stark,Donella-Hornwood,5,2
Bran-Stark,Eddard-Stark,4,2
Bran-Stark,Hayhead,6,2
Bran-Stark,Hodor,59,2
Bran-Stark,Howland-Reed,3,2
Bran-Stark,Jojen-Reed,47,2
Bran-Stark,Jon-Snow,11,2
Bran-Stark,Luwin,51,2
Bran-Stark,Meera-Reed,36,2
Bran-Stark,Mikken,11,2
Bran-Stark,Nan,7,2
Bran-Stark,Osha,30,2
Bran-Stark,Poxy-Tym,3,2
Bran-Stark,Ramsay-Snow,7,2
Bran-Stark,Reek,3,2
Bran-Stark,Rickon-Stark,54,2
Bran-Stark,Robb-Stark,28,2
Bran-Stark,Rodrik-Cassel,34,2
Bran-Stark,Sansa-Stark,5,2
Bran-Stark,Stafford-Lannister,3,2
Bran-Stark,Theon-Greyjoy,24,2
Bran-Stark,Walder-Frey-(son-of-Jammos),5,2
Bran-Stark,Walder-Frey-(son-of-Merrett),12,2
Bran-Stark,Wyman-Manderly,6,2
Brienne-of-Tarth,Catelyn-Stark,36,2
Brienne-of-Tarth,Edmure-Tully,3,2
Brienne-of-Tarth,Emmon-Cuy,8,2
Brienne-of-Tarth,Jaime-Lannister,3,2
Brienne-of-Tarth,Renly-Baratheon,28,2
Brienne-of-Tarth,Robar-Royce,3,2
Brienne-of-Tarth,Robert-Baratheon,3,2
Brienne-of-Tarth,Selwyn-Tarth,4,2
Brienne-of-Tarth,Stannis-Baratheon,5,2
Brienne-of-Tarth,Vyman,3,2
Bronn,Cersei-Lannister,11,2
Bronn,Jacelyn-Bywater,7,2
Bronn,Joffrey-Baratheon,9,2
Bronn,Mandon-Moore,5,2
Bronn,Podrick-Payne,3,2
Bronn,Stannis-Baratheon,3,2
Bronn,Timett,5,2
Bronn,Tommen-Baratheon,3,2
Bronn,Tyrion-Lannister,40,2
Bronn,Varys,8,2
Bryce-Caron,Cortnay-Penrose,3,2
Bryce-Caron,Eldon-Estermont,3,2
Bryce-Caron,Guyard-Morrigen,5,2
Bryce-Caron,Renly-Baratheon,7,2
Bryce-Caron,Stannis-Baratheon,3,2
Brynden-Tully,Catelyn-Stark,5,2
Brynden-Tully,Robb-Stark,6,2
Brynden-Tully,Tywin-Lannister,3,2
Captain-Myraham,Theon-Greyjoy,4,2
Captain-Myraham-Daughter,Theon-Greyjoy,3,2
Catelyn-Stark,Cersei-Lannister,14,2
Catelyn-Stark,Cleos-Frey,5,2
Catelyn-Stark,Colen-of-Greenpools,6,2
Catelyn-Stark,Desmond-Grell,3,2
Catelyn-Stark,Eddard-Stark,12,2
Catelyn-Stark,Edmure-Tully,17,2
Catelyn-Stark,Hallis-Mollen,6,2
Catelyn-Stark,Hoster-Tully,5,2
Catelyn-Stark,Jaime-Lannister,16,2
Catelyn-Stark,Joffrey-Baratheon,4,2
Catelyn-Stark,Loras-Tyrell,6,2
Catelyn-Stark,Lysa-Arryn,7,2
Catelyn-Stark,Margaery-Tyrell,4,2
Catelyn-Stark,Mathis-Rowan,3,2
Catelyn-Stark,Randyll-Tarly,3,2
Catelyn-Stark,Renly-Baratheon,51,2
Catelyn-Stark,Rickon-Stark,3,2
Catelyn-Stark,Robar-Royce,7,2
Catelyn-Stark,Robb-Stark,27,2
Catelyn-Stark,Robert-Baratheon,5,2
Catelyn-Stark,Sansa-Stark,3,2
Catelyn-Stark,Stafford-Lannister,3,2
Catelyn-Stark,Stannis-Baratheon,20,2
Catelyn-Stark,Theon-Greyjoy,5,2
Catelyn-Stark,Tyrion-Lannister,10,2
Catelyn-Stark,Tywin-Lannister,14,2
Catelyn-Stark,Utherydes-Wayn,3,2
Catelyn-Stark,Vyman,4,2
Catelyn-Stark,Wendel-Manderly,7,2
Cersei-Lannister,Chiswyck,3,2
Cersei-Lannister,Cleos-Frey,6,2
Cersei-Lannister,Dunsen,3,2
Cersei-Lannister,Eddard-Stark,13,2
Cersei-Lannister,Gregor-Clegane,4,2
Cersei-Lannister,Gyles-Rosby,6,2
Cersei-Lannister,Ilyn-Payne,12,2
Cersei-Lannister,Jacelyn-Bywater,4,2
Cersei-Lannister,Jaime-Lannister,17,2
Cersei-Lannister,Janos-Slynt,9,2
Cersei-Lannister,Joffrey-Baratheon,63,2
Cersei-Lannister,Lancel-Lannister,20,2
Cersei-Lannister,Lysa-Arryn,5,2
Cersei-Lannister,Meryn-Trant,11,2
Cersei-Lannister,Myrcella-Baratheon,4,2
Cersei-Lannister,Osfryd-Kettleblack,7,2
Cersei-Lannister,Osmund-Kettleblack,4,2
Cersei-Lannister,Osney-Kettleblack,3,2
Cersei-Lannister,Petyr-Baelish,7,2
Cersei-Lannister,Polliver,3,2
Cersei-Lannister,Preston-Greenfield,3,2
Cersei-Lannister,Pycelle,6,2
Cersei-Lannister,Rafford,3,2
Cersei-Lannister,Renly-Baratheon,7,2
Cersei-Lannister,Robb-Stark,15,2
Cersei-Lannister,Robert-Baratheon,12,2
Cersei-Lannister,Sandor-Clegane,9,2
Cersei-Lannister,Sansa-Stark,39,2
Cersei-Lannister,Shae,5,2
Cersei-Lannister,Stannis-Baratheon,23,2
Cersei-Lannister,Tanda-Stokeworth,3,2
Cersei-Lannister,Tickler,5,2
Cersei-Lannister,Tommen-Baratheon,10,2
Cersei-Lannister,Tyrion-Lannister,87,2
Cersei-Lannister,Tywin-Lannister,10,2
Cersei-Lannister,Varys,23,2
Cersei-Lannister,Vylarr,3,2
Chataya,Tyrion-Lannister,6,2
Chayle,Mikken,4,2
Chella,Shae,4,2
Chella,Tyrion-Lannister,3,2
Chella,Varys,4,2
Chett,Jon-Snow,5,2
Chiswyck,Dunsen,3,2
Chiswyck,Gregor-Clegane,4,2
Chiswyck,Ilyn-Payne,3,2
Chiswyck,Joffrey-Baratheon,3,2
Chiswyck,Meryn-Trant,3,2
Chiswyck,Polliver,4,2
Chiswyck,Rafford,7,2
Chiswyck,Sandor-Clegane,3,2
Chiswyck,Tickler,5,2
Chiswyck,Weese,6,2
Cleos-Frey,Eddard-Stark,3,2
Cleos-Frey,Jaime-Lannister,3,2
Cleos-Frey,Robb-Stark,11,2
Cleos-Frey,Tyrion-Lannister,13,2
Cley-Cerwyn,Donella-Hornwood,3,2
Cley-Cerwyn,Rodrik-Cassel,4,2
Colen-of-Greenpools,Renly-Baratheon,3,2
Cortnay-Penrose,Davos-Seaworth,5,2
Cortnay-Penrose,Renly-Baratheon,3,2
Cortnay-Penrose,Stannis-Baratheon,18,2
Cortnay-Penrose,Tyrion-Lannister,3,2
Cortnay-Penrose,Varys,3,2
Craster,Dywen,7,2
Craster,Eddison-Tollett,3,2
Craster,Jeor-Mormont,19,2
Craster,Jon-Snow,26,2
Craster,Mance-Rayder,4,2
Craster,Samwell-Tarly,10,2
Craster,Thoren-Smallwood,4,2
Cressen,Davos-Seaworth,10,2
Cressen,Melisandre,7,2
Cressen,Patchface,8,2
Cressen,Pylos,17,2
Cressen,Renly-Baratheon,4,2
Cressen,Robert-Baratheon,4,2
Cressen,Selyse-Florent,3,2
Cressen,Shireen-Baratheon,6,2
Cressen,Stannis-Baratheon,21,2
Cutjack,Gendry,3,2
Cutjack,Kurz,4,2
Cutjack,Tarber,3,2
Daenerys-Targaryen,Doreah,3,2
Daenerys-Targaryen,Drogo,8,2
Daenerys-Targaryen,Irri,6,2
Daenerys-Targaryen,Jhiqui,7,2
Daenerys-Targaryen,Jhogo,12,2
Daenerys-Targaryen,Jorah-Mormont,29,2
Daenerys-Targaryen,Lynesse-Hightower,3,2
Daenerys-Targaryen,Mirri-Maz-Duur,3,2
Daenerys-Targaryen,Pono,4,2
Daenerys-Targaryen,Pyat-Pree,14,2
Daenerys-Targaryen,Quaithe,5,2
Daenerys-Targaryen,Rakharo,4,2
Daenerys-Targaryen,Robert-Baratheon,4,2
Daenerys-Targaryen,Viserys-Targaryen,3,2
Daenerys-Targaryen,Xaro-Xhoan-Daxos,13,2
Dagmer,Rodrik-Cassel,3,2
Dagmer,Theon-Greyjoy,7,2
Dalbridge,Ebben,4,2
Dalbridge,Jon-Snow,4,2
Dalbridge,Qhorin-Halfhand,5,2
Davos-Seaworth,Devan-Seaworth,4,2
Davos-Seaworth,Imry-Florent,3,2
Davos-Seaworth,Matthos-Seaworth,3,2
Davos-Seaworth,Melisandre,20,2
Davos-Seaworth,Monford-Velaryon,3,2
Davos-Seaworth,Pylos,9,2
Davos-Seaworth,Renly-Baratheon,6,2
Davos-Seaworth,Salladhor-Saan,8,2
Davos-Seaworth,Stannis-Baratheon,58,2
Desmond-Grell,Edmure-Tully,4,2
Desmond-Grell,Utherydes-Wayn,3,2
Devan-Seaworth,Renly-Baratheon,3,2
Devan-Seaworth,Stannis-Baratheon,13,2
Dolf,Shagga,3,2
Donella-Hornwood,Leobald-Tallhart,3,2
Donella-Hornwood,Luwin,7,2
Donella-Hornwood,Mors-Umber,3,2
Donella-Hornwood,Ramsay-Snow,3,2
Donella-Hornwood,Rodrik-Cassel,4,2
Dontos-Hollard,Joffrey-Baratheon,8,2
Dontos-Hollard,Moon-Boy,5,2
Dontos-Hollard,Sansa-Stark,17,2
Dontos-Hollard,Stannis-Baratheon,3,2
Dontos-Hollard,Tyrion-Lannister,4,2
Doran-Martell,Myrcella-Baratheon,4,2
Doran-Martell,Tyrion-Lannister,3,2
Doran-Martell,Varys,4,2
Drennan,Squint,3,2
Drennan,Theon-Greyjoy,3,2
Drogo,Jorah-Mormont,4,2
Drogo,Pono,4,2
Drogo,Viserys-Targaryen,3,2
Dunsen,Gregor-Clegane,4,2
Dunsen,Ilyn-Payne,3,2
Dunsen,Joffrey-Baratheon,3,2
Dunsen,Meryn-Trant,3,2
Dunsen,Polliver,7,2
Dunsen,Rafford,6,2
Dunsen,Sandor-Clegane,3,2
Dunsen,Tickler,3,2
Dunsen,Weese,3,2
Dywen,Grenn,8,2
Dywen,Jon-Snow,9,2
Ebben,Jon-Snow,10,2
Ebben,Qhorin-Halfhand,8,2
Ebben,Stonesnake,4,2
Eddard-Stark,Ilyn-Payne,5,2
Eddard-Stark,Janos-Slynt,7,2
Eddard-Stark,Joffrey-Baratheon,9,2
Eddard-Stark,Jon-Snow,9,2
Eddard-Stark,Luwin,3,2
Eddard-Stark,Maron-Greyjoy,3,2
Eddard-Stark,Petyr-Baelish,4,2
Eddard-Stark,Renly-Baratheon,5,2
Eddard-Stark,Rickon-Stark,3,2
Eddard-Stark,Robb-Stark,11,2
Eddard-Stark,Robert-Baratheon,26,2
Eddard-Stark,Stannis-Baratheon,5,2
Eddard-Stark,Theon-Greyjoy,17,2
Eddard-Stark,Tyrion-Lannister,12,2
Eddard-Stark,Varys,3,2
Eddison-Tollett,Jeor-Mormont,4,2
Eddison-Tollett,Jon-Snow,11,2
Edmure-Tully,Hoster-Tully,3,2
Edmure-Tully,Jaime-Lannister,3,2
Edmure-Tully,Robb-Stark,12,2
Edmure-Tully,Tywin-Lannister,8,2
Eldon-Estermont,Steffon-Varner,3,2
Emmon-Cuy,Renly-Baratheon,3,2
Emmon-Cuy,Robar-Royce,3,2
Euron-Greyjoy,Theon-Greyjoy,4,2
Farlen,Theon-Greyjoy,6,2
Florian-the-Fool,Jonquil,8,2
Florian-the-Fool,Sansa-Stark,3,2
Gariss,Murch,5,2
Garlan-Tyrell,Joffrey-Baratheon,4,2
Garlan-Tyrell,Loras-Tyrell,3,2
Gendry,Hot-Pie,23,2
Gendry,Jaqen-Hghar,4,2
Gendry,Lommy-Greenhands,17,2
Gendry,Woth,3,2
Gendry,Yoren,8,2
Gregor-Clegane,Ilyn-Payne,3,2
Gregor-Clegane,Joffrey-Baratheon,3,2
Gregor-Clegane,Meryn-Trant,4,2
Gregor-Clegane,Polliver,5,2
Gregor-Clegane,Rafford,6,2
Gregor-Clegane,Sandor-Clegane,5,2
Gregor-Clegane,Tickler,5,2
Gregor-Clegane,Tywin-Lannister,4,2
Gregor-Clegane,Weese,5,2
Grenn,Jeor-Mormont,3,2
Grenn,Samwell-Tarly,6,2
Guyard-Morrigen,Renly-Baratheon,7,2
Gyles-Rosby,Jacelyn-Bywater,4,2
Gyles-Rosby,Joffrey-Baratheon,4,2
Gyles-Rosby,Lollys-Stokeworth,5,2
Gyles-Rosby,Sansa-Stark,3,2
Gyles-Rosby,Tanda-Stokeworth,5,2
Gyles-Rosby,Tommen-Baratheon,4,2
Gyles-Rosby,Tyrion-Lannister,3,2
Gynir,Wex-Pyke,4,2
Hake,Jon-Snow,4,2
Hallis-Mollen,Wendel-Manderly,3,2
Hallyne,Joffrey-Baratheon,3,2
Hallyne,Tyrion-Lannister,5,2
Halys-Hornwood,Rodrik-Cassel,3,2
Harren-Hoare,Nan,5,2
High-Septon-(fat_one),Tyrion-Lannister,4,2
High-Septon-(Tyrions),Tyrion-Lannister,4,2
Hobber-Redwyne,Horas-Redwyne,7,2
Hodor,Jojen-Reed,3,2
Hodor,Luwin,17,2
Hodor,Meera-Reed,10,2
Hodor,Osha,16,2
Hodor,Rickon-Stark,11,2
Hodor,Rodrik-Cassel,3,2
Hodor,Wyman-Manderly,3,2
Horas-Redwyne,Joffrey-Baratheon,3,2
Hoster-Tully,Vyman,3,2
Hot-Pie,Lommy-Greenhands,28,2
Hot-Pie,Mebble,4,2
Hot-Pie,Weasel,4,2
Hot-Pie,Woth,5,2
Hot-Pie,Yoren,8,2
Ilyn-Payne,Joffrey-Baratheon,13,2
Ilyn-Payne,Meryn-Trant,8,2
Ilyn-Payne,Polliver,3,2
Ilyn-Payne,Rafford,3,2
Ilyn-Payne,Sandor-Clegane,8,2
Ilyn-Payne,Sansa-Stark,9,2
Ilyn-Payne,Tickler,5,2
Irri,Jhiqui,3,2
Jacelyn-Bywater,Janos-Slynt,4,2
Jacelyn-Bywater,Joffrey-Baratheon,7,2
Jacelyn-Bywater,Lancel-Lannister,3,2
Jacelyn-Bywater,Tommen-Baratheon,6,2
Jacelyn-Bywater,Tyrion-Lannister,16,2
Jacelyn-Bywater,Varys,4,2
Jaime-Lannister,Joffrey-Baratheon,12,2
Jaime-Lannister,Jon-Snow,3,2
Jaime-Lannister,Mandon-Moore,4,2
Jaime-Lannister,Petyr-Baelish,4,2
Jaime-Lannister,Renly-Baratheon,9,2
Jaime-Lannister,Robb-Stark,11,2
Jaime-Lannister,Robert-Baratheon,11,2
Jaime-Lannister,Sansa-Stark,5,2
Jaime-Lannister,Stafford-Lannister,3,2
Jaime-Lannister,Stannis-Baratheon,6,2
Jaime-Lannister,Theon-Greyjoy,4,2
Jaime-Lannister,Tyrion-Lannister,25,2
Jaime-Lannister,Tysha,3,2
Jaime-Lannister,Tywin-Lannister,5,2
Janos-Slynt,Joffrey-Baratheon,10,2
Janos-Slynt,Petyr-Baelish,5,2
Janos-Slynt,Tyrion-Lannister,26,2
Janos-Slynt,Varys,7,2
Jaqen-Hghar,Rorge,16,2
Jaqen-Hghar,Weese,4,2
Jaqen-Hghar,Yoren,3,2
Jaremy-Rykker,Jeor-Mormont,3,2
Jaremy-Rykker,Thoren-Smallwood,3,2
Jarman-Buckwell,Jeor-Mormont,4,2
Jarman-Buckwell,Jon-Snow,4,2
Jarman-Buckwell,Thoren-Smallwood,6,2
Jason-Mallister,Theon-Greyjoy,4,2
Jeor-Mormont,Jon-Snow,63,2
Jeor-Mormont,Jorah-Mormont,3,2
Jeor-Mormont,Mance-Rayder,4,2
Jeor-Mormont,Ottyn-Wythers,3,2
Jeor-Mormont,Qhorin-Halfhand,12,2
Jeor-Mormont,Samwell-Tarly,17,2
Jeor-Mormont,Thoren-Smallwood,11,2
Jhogo,Jorah-Mormont,6,2
Joffrey-Baratheon,Lancel-Lannister,4,2
Joffrey-Baratheon,Loras-Tyrell,3,2
Joffrey-Baratheon,Mace-Tyrell,4,2
Joffrey-Baratheon,Mandon-Moore,8,2
Joffrey-Baratheon,Margaery-Tyrell,6,2
Joffrey-Baratheon,Meryn-Trant,19,2
Joffrey-Baratheon,Myrcella-Baratheon,13,2
Joffrey-Baratheon,Osmund-Kettleblack,9,2
Joffrey-Baratheon,Petyr-Baelish,20,2
Joffrey-Baratheon,Polliver,3,2
Joffrey-Baratheon,Pycelle,6,2
Joffrey-Baratheon,Rafford,3,2
Joffrey-Baratheon,Renly-Baratheon,11,2
Joffrey-Baratheon,Robb-Stark,16,2
Joffrey-Baratheon,Robert-Baratheon,20,2
Joffrey-Baratheon,Sandor-Clegane,27,2
Joffrey-Baratheon,Sansa-Stark,76,2
Joffrey-Baratheon,Stannis-Baratheon,21,2
Joffrey-Baratheon,Tickler,4,2
Joffrey-Baratheon,Tommen-Baratheon,23,2
Joffrey-Baratheon,Tyrion-Lannister,92,2
Joffrey-Baratheon,Tywin-Lannister,11,2
Joffrey-Baratheon,Varys,24,2
Joffrey-Baratheon,Yoren,3,2
Jojen-Reed,Luwin,7,2
Jojen-Reed,Meera-Reed,18,2
Jojen-Reed,Osha,4,2
Jojen-Reed,Rickon-Stark,5,2
Jon-Fossoway,Mathis-Rowan,3,2
Jon-Snow,Lark,4,2
Jon-Snow,Mance-Rayder,4,2
Jon-Snow,Nan,4,2
Jon-Snow,Ottyn-Wythers,3,2
Jon-Snow,Qhorin-Halfhand,47,2
Jon-Snow,Rattleshirt,7,2
Jon-Snow,Rickon-Stark,5,2
Jon-Snow,Robb-Stark,13,2
Jon-Snow,Robert-Baratheon,6,2
Jon-Snow,Samwell-Tarly,52,2
Jon-Snow,Stonesnake,13,2
Jon-Snow,Thoren-Smallwood,4,2
Jon-Snow,Ygritte,12,2
Jon-Umber-(Greatjon),Robb-Stark,8,2
Jorah-Mormont,Pono,3,2
Jorah-Mormont,Rakharo,3,2
Jorah-Mormont,Rhaegar-Targaryen,4,2
Jorah-Mormont,Robert-Baratheon,7,2
Koss,Yoren,5,2
Kyra,Theon-Greyjoy,4,2
Lancel-Lannister,Robert-Baratheon,4,2
Lancel-Lannister,Sansa-Stark,3,2
Lancel-Lannister,Tyrion-Lannister,18,2
Lancel-Lannister,Varys,3,2
Leobald-Tallhart,Rodrik-Cassel,5,2
Lollys-Stokeworth,Tanda-Stokeworth,7,2
Lommy-Greenhands,Weasel,7,2
Lommy-Greenhands,Woth,3,2
Lommy-Greenhands,Yoren,13,2
Loras-Tyrell,Mace-Tyrell,6,2
Loras-Tyrell,Renly-Baratheon,14,2
Loras-Tyrell,Robert-Baratheon,3,2
Loras-Tyrell,Stannis-Baratheon,4,2
Loras-Tyrell,Tyrion-Lannister,8,2
Lorent-Caswell,Renly-Baratheon,3,2
Lorren,Squint,3,2
Lorren,Theon-Greyjoy,7,2
Lorren,Urzen,3,2
Lorren,Wex-Pyke,4,2
Luwin,Meera-Reed,4,2
Luwin,Osha,12,2
Luwin,Rickon-Stark,12,2
Luwin,Robb-Stark,6,2
Luwin,Rodrik-Cassel,18,2
Luwin,Theon-Greyjoy,17,2
Luwin,Walder-Frey-(son-of-Merrett),4,2
Lysa-Arryn,Tyrion-Lannister,5,2
Mace-Tyrell,Paxter-Redwyne,3,2
Mace-Tyrell,Randyll-Tarly,3,2
Mace-Tyrell,Renly-Baratheon,4,2
Mace-Tyrell,Stannis-Baratheon,3,2
Mance-Rayder,Qhorin-Halfhand,4,2
Mance-Rayder,Thoren-Smallwood,3,2
Mandon-Moore,Sandor-Clegane,5,2
Mandon-Moore,Sansa-Stark,3,2
Mandon-Moore,Tyrion-Lannister,16,2
Margaery-Tyrell,Renly-Baratheon,13,2
Margaery-Tyrell,Sansa-Stark,4,2
Margaery-Tyrell,Varys,3,2
Martyn-Rivers,Robb-Stark,3,2
Mathis-Rowan,Randyll-Tarly,4,2
Mathis-Rowan,Renly-Baratheon,8,2
Mathis-Rowan,Stannis-Baratheon,3,2
Meera-Reed,Osha,6,2
Meera-Reed,Rickon-Stark,6,2
Melisandre,Renly-Baratheon,4,2
Melisandre,Selyse-Florent,6,2
Melisandre,Stannis-Baratheon,14,2
Meryn-Trant,Osmund-Kettleblack,8,2
Meryn-Trant,Polliver,3,2
Meryn-Trant,Rafford,3,2
Meryn-Trant,Sandor-Clegane,10,2
Meryn-Trant,Tickler,5,2
Meryn-Trant,Tyrion-Lannister,7,2
Mikken,Osha,3,2
Mikken,Theon-Greyjoy,4,2
Monford-Velaryon,Stannis-Baratheon,3,2
Myrcella-Baratheon,Robb-Stark,3,2
Myrcella-Baratheon,Robert-Arryn,4,2
Myrcella-Baratheon,Sandor-Clegane,4,2
Myrcella-Baratheon,Sansa-Stark,6,2
Myrcella-Baratheon,Tommen-Baratheon,12,2
Myrcella-Baratheon,Trystane-Martell,4,2
Myrcella-Baratheon,Tyrion-Lannister,8,2
Olyvar-Frey,Robb-Stark,4,2
Osha,Rickon-Stark,8,2
Osha,Robb-Stark,3,2
Osha,Theon-Greyjoy,4,2
Osmund-Kettleblack,Osney-Kettleblack,4,2
Osmund-Kettleblack,Sansa-Stark,4,2
Osmund-Kettleblack,Tyrion-Lannister,7,2
Ottyn-Wythers,Samwell-Tarly,3,2
Palla,Theon-Greyjoy,3,2
Patchface,Stannis-Baratheon,6,2
Perwyn-Frey,Robb-Stark,3,2
Perwyn-Frey,Wendel-Manderly,3,2
Petyr-Baelish,Podrick-Payne,4,2
Petyr-Baelish,Pycelle,8,2
Petyr-Baelish,Renly-Baratheon,5,2
Petyr-Baelish,Sansa-Stark,4,2
Petyr-Baelish,Stannis-Baratheon,8,2
Petyr-Baelish,Tyrion-Lannister,41,2
Petyr-Baelish,Varys,27,2
Podrick-Payne,Tyrion-Lannister,13,2
Polliver,Rafford,7,2
Polliver,Sandor-Clegane,3,2
Polliver,Tickler,3,2
Polliver,Weese,3,2
Preston-Greenfield,Tyrion-Lannister,3,2
Pyat-Pree,Xaro-Xhoan-Daxos,10,2
Pycelle,Robert-Baratheon,3,2
Pycelle,Shagga,4,2
Pycelle,Stannis-Baratheon,3,2
Pycelle,Tyrion-Lannister,21,2
Pycelle,Varys,9,2
Pylos,Shireen-Baratheon,5,2
Pylos,Stannis-Baratheon,11,2
Qhorin-Halfhand,Rattleshirt,3,2
Qhorin-Halfhand,Stonesnake,6,2
Qhorin-Halfhand,Thoren-Smallwood,3,2
Qyburn,Roose-Bolton,3,2
Rafford,Sandor-Clegane,3,2
Rafford,Tickler,4,2
Ramsay-Snow,Reek,4,2
Ramsay-Snow,Robb-Stark,3,2
Ramsay-Snow,Rodrik-Cassel,5,2
Ramsay-Snow,Roose-Bolton,5,2
Randyll-Tarly,Renly-Baratheon,6,2
Randyll-Tarly,Stannis-Baratheon,3,2
Rattleshirt,Ygritte,4,2
Ramsay-Snow,Theon-Greyjoy,14,2
Renly-Baratheon,Robb-Stark,22,2
Renly-Baratheon,Robert-Baratheon,29,2
Renly-Baratheon,Sansa-Stark,4,2
Renly-Baratheon,Stannis-Baratheon,70,2
Renly-Baratheon,Steffon-Baratheon,3,2
Renly-Baratheon,Tyrion-Lannister,14,2
Renly-Baratheon,Tywin-Lannister,3,2
Renly-Baratheon,Varys,5,2
Rhaegar-Targaryen,Robert-Baratheon,5,2
Rhaegar-Targaryen,Viserys-Targaryen,3,2
Rhaenys-Targaryen,Visenya-Targaryen,3,2
Rickard-Karstark,Robb-Stark,3,2
Rickon-Stark,Robb-Stark,12,2
Rickon-Stark,Rodrik-Cassel,3,2
Rickon-Stark,Sansa-Stark,5,2
Rickon-Stark,Theon-Greyjoy,8,2
Rickon-Stark,Walder-Frey-(son-of-Merrett),5,2
Robb-Stark,Robert-Baratheon,3,2
Robb-Stark,Rodrik-Cassel,9,2
Robb-Stark,Roose-Bolton,7,2
Robb-Stark,Sansa-Stark,11,2
Robb-Stark,Stafford-Lannister,5,2
Robb-Stark,Stannis-Baratheon,12,2
Robb-Stark,Theon-Greyjoy,21,2
Robb-Stark,Tyrion-Lannister,18,2
Robb-Stark,Tywin-Lannister,6,2
Robb-Stark,Varys,3,2
Robb-Stark,Walder-Frey,6,2
Robb-Stark,Wyman-Manderly,3,2
Robert-Baratheon,Sansa-Stark,6,2
Robert-Baratheon,Stannis-Baratheon,25,2
Robert-Baratheon,Tyrion-Lannister,10,2
Robert-Baratheon,Tywin-Lannister,4,2
Robert-Baratheon,Varys,4,2
Robett-Glover,Rorge,3,2
Robett-Glover,Vargo-Hoat,3,2
Rodrik-Cassel,Roose-Bolton,4,2
Rodrik-Cassel,Theon-Greyjoy,12,2
Rodrik-Cassel,Walder-Frey-(son-of-Merrett),3,2
Rodrik-Cassel,Wyman-Manderly,6,2
Roose-Bolton,Tywin-Lannister,5,2
Roose-Bolton,Vargo-Hoat,6,2
Roose-Bolton,Walder-Frey,3,2
Rorge,Vargo-Hoat,3,2
Rorge,Yoren,4,2
Salladhor-Saan,Stannis-Baratheon,6,2
Sandor-Clegane,Sansa-Stark,19,2
Sandor-Clegane,Tickler,5,2
Sandor-Clegane,Tommen-Baratheon,5,2
Sandor-Clegane,Tyrion-Lannister,13,2
Sansa-Stark,Stannis-Baratheon,8,2
Sansa-Stark,Tanda-Stokeworth,4,2
Sansa-Stark,Tommen-Baratheon,10,2
Sansa-Stark,Tyrion-Lannister,31,2
Selyse-Florent,Stannis-Baratheon,15,2
Shadd,Wendel-Manderly,3,2
Shae,Stannis-Baratheon,3,2
Shae,Tyrion-Lannister,30,2
Shae,Tysha,3,2
Shae,Varys,16,2
Shagga,Timett,4,2
Shagga,Tyrion-Lannister,15,2
Squint,Theon-Greyjoy,3,2
Stannis-Baratheon,Steffon-Baratheon,3,2
Stannis-Baratheon,Tyrion-Lannister,39,2
Stannis-Baratheon,Tywin-Lannister,4,2
Stannis-Baratheon,Varys,5,2
Stonesnake,Ygritte,3,2
Stygg,Theon-Greyjoy,4,2
Stygg,Werlag,3,2
Syrio-Forel,Yoren,3,2
Tanda-Stokeworth,Tyrion-Lannister,4,2
Theon-Greyjoy,Urzen,3,2
Theon-Greyjoy,Victarion-Greyjoy,3,2
Theon-Greyjoy,Werlag,3,2
Theon-Greyjoy,Wex-Pyke,14,2
Timett,Tyrion-Lannister,10,2
Timett,Varys,3,2
Tommen-Baratheon,Tyrion-Lannister,10,2
Tyrion-Lannister,Tysha,4,2
Tyrion-Lannister,Tywin-Lannister,6,2
Tyrion-Lannister,Varys,63,2
Tyrion-Lannister,Vylarr,6,2
Tywin-Lannister,Vargo-Hoat,4,2
Tywin-Lannister,Weese,7,2
Walder-Frey-(son-of-Jammos),Walder-Frey-(son-of-Merrett),5,2
Walder-Frey-(son-of-Merrett),Wex-Pyke,4,2
Weasel,Weese,6,2
Woth,Yoren,4,2
Addam-Marbrand,Gyles-Rosby,3,3
Addam-Marbrand,Jaime-Lannister,3,3
Addam-Marbrand,Jalabhar-Xho,3,3
Addam-Marbrand,Joffrey-Baratheon,3,3
Addam-Marbrand,Kevan-Lannister,3,3
Addam-Marbrand,Oberyn-Martell,3,3
Addam-Marbrand,Tyrion-Lannister,7,3
Addam-Marbrand,Varys,4,3
Aegon-Frey-(son-of-Stevron),Catelyn-Stark,4,3
Aegon-Frey-(son-of-Stevron),Robb-Stark,5,3
Aegon-Frey-(son-of-Stevron),Stevron-Frey,3,3
Aegon-Frey-(son-of-Stevron),Walder-Frey,6,3
Aegon-I-Targaryen,Daenerys-Targaryen,4,3
Aegon-I-Targaryen,Stannis-Baratheon,4,3
Aegon-I-Targaryen,Torrhen-Stark,3,3
Aegon-Targaryen-(son-of-Rhaegar),Elia-Martell,3,3
Aemon-Targaryen-(Dragonknight),Jaime-Lannister,3,3
Aemon-Targaryen-(Maester-Aemon),Alliser-Thorne,3,3
Aemon-Targaryen-(Maester-Aemon),Clydas,16,3
Aemon-Targaryen-(Maester-Aemon),Cotter-Pyke,3,3
Aemon-Targaryen-(Maester-Aemon),Denys-Mallister,4,3
Aemon-Targaryen-(Maester-Aemon),Donal-Noye,11,3
Aemon-Targaryen-(Maester-Aemon),Eddison-Tollett,3,3
Aemon-Targaryen-(Maester-Aemon),Grenn,5,3
Aemon-Targaryen-(Maester-Aemon),Hobb,3,3
Aemon-Targaryen-(Maester-Aemon),Janos-Slynt,5,3
Aemon-Targaryen-(Maester-Aemon),Jeor-Mormont,3,3
Aemon-Targaryen-(Maester-Aemon),Jon-Snow,36,3
Aemon-Targaryen-(Maester-Aemon),Mance-Rayder,5,3
Aemon-Targaryen-(Maester-Aemon),Owen,3,3
Aemon-Targaryen-(Maester-Aemon),Pypar,5,3
Aemon-Targaryen-(Maester-Aemon),Robert-Baratheon,5,3
Aemon-Targaryen-(Maester-Aemon),Samwell-Tarly,32,3
Aemon-Targaryen-(Maester-Aemon),Stannis-Baratheon,9,3
Aemon-Targaryen-(Maester-Aemon),Wynton-Stout,3,3
Aerys-II-Targaryen,Arthur-Dayne,5,3
Aerys-II-Targaryen,Brienne-of-Tarth,3,3
Aerys-II-Targaryen,Jaime-Lannister,22,3
Aerys-II-Targaryen,Joffrey-Baratheon,6,3
Aerys-II-Targaryen,Robert-Baratheon,9,3
Aerys-II-Targaryen,Rossart,4,3
Aerys-II-Targaryen,Tyrion-Lannister,6,3
Aerys-II-Targaryen,Tywin-Lannister,10,3
Aerys-II-Targaryen,Viserys-Targaryen,3,3
Aggo,Jhogo,4,3
Aggo,Rakharo,3,3
Alayaya,Bronn,3,3
Alayaya,Cersei-Lannister,3,3
Alayaya,Tyrion-Lannister,4,3
Alerie-Hightower,Mace-Tyrell,3,3
Alerie-Hightower,Margaery-Tyrell,3,3
Alester-Florent,Axell-Florent,4,3
Alester-Florent,Davos-Seaworth,11,3
Alester-Florent,Lamprey,3,3
Alester-Florent,Selyse-Florent,4,3
Alester-Florent,Stannis-Baratheon,4,3
Alla-Tyrell,Elinor-Tyrell,5,3
Alla-Tyrell,Megga-Tyrell,6,3
Alla-Tyrell,Sansa-Stark,4,3
Alliser-Thorne,Janos-Slynt,13,3
Alliser-Thorne,Jon-Snow,22,3
Alliser-Thorne,Mance-Rayder,6,3
Alliser-Thorne,Qhorin-Halfhand,4,3
Alliser-Thorne,Samwell-Tarly,4,3
Alliser-Thorne,Stannis-Baratheon,3,3
Amory-Lorch,Gregor-Clegane,3,3
Amory-Lorch,Jaime-Lannister,3,3
Amory-Lorch,Oberyn-Martell,6,3
Amory-Lorch,Tywin-Lannister,4,3
Amory-Lorch,Vargo-Hoat,3,3
Anders-Yronwood,Oberyn-Martell,3,3
Andrew-Estermont,Davos-Seaworth,4,3
Andrew-Estermont,Edric-Storm,4,3
Andrew-Estermont,Gerald-Gower,3,3
Anguy,Arya-Stark,15,3
Anguy,Beric-Dondarrion,4,3
Anguy,Greenbeard,9,3
Anguy,Harwin,7,3
Anguy,Husband,3,3
Anguy,Lem,22,3
Anguy,Sandor-Clegane,3,3
Anguy,Sharna,6,3
Anguy,Tom-of-Sevenstreams,12,3
Arson,Jon-Snow,3,3
Arstan,Belwas,25,3
Arstan,Daenerys-Targaryen,29,3
Arstan,Illyrio-Mopatis,3,3
Arstan,Jhiqui,3,3
Arstan,Jorah-Mormont,13,3
Arstan,Kraznys-mo-Nakloz,3,3
Arstan,Mero,7,3
Arstan,Rhaegar-Targaryen,7,3
Arthur-Dayne,Gerold-Hightower,5,3
Arthur-Dayne,Lewyn-Martell,3,3
Arthur-Dayne,Rhaegar-Targaryen,3,3
Arthur-Dayne,Smiling-Knight,4,3
Arya-Stark,Beric-Dondarrion,23,3
Arya-Stark,Bran-Stark,9,3
Arya-Stark,Brynden-Tully,4,3
Arya-Stark,Catelyn-Stark,3,3
Arya-Stark,Cersei-Lannister,6,3
Arya-Stark,Dunsen,3,3
Arya-Stark,Eddard-Stark,6,3
Arya-Stark,Elmar-Frey,4,3
Arya-Stark,Gendry,46,3
Arya-Stark,Greenbeard,9,3
Arya-Stark,Gregor-Clegane,6,3
Arya-Stark,Harwin,17,3
Arya-Stark,Hot-Pie,25,3
Arya-Stark,Ilyn-Payne,3,3
Arya-Stark,Jaime-Lannister,10,3
Arya-Stark,Joffrey-Baratheon,10,3
Arya-Stark,Jon-Snow,9,3
Arya-Stark,Lem,24,3
Arya-Stark,Mad-Huntsman,4,3
Arya-Stark,Meryn-Trant,3,3
Arya-Stark,Mycah,6,3
Arya-Stark,Nan,7,3
Arya-Stark,Pate-(Old),4,3
Arya-Stark,Polliver,11,3
Arya-Stark,Rafford,5,3
Arya-Stark,Ravella-Swann,7,3
Arya-Stark,Rickon-Stark,8,3
Arya-Stark,Robb-Stark,14,3
Arya-Stark,Robert-Baratheon,5,3
Arya-Stark,Roose-Bolton,8,3
Arya-Stark,Sandor-Clegane,48,3
Arya-Stark,Sansa-Stark,23,3
Arya-Stark,Thoros-of-Myr,21,3
Arya-Stark,Tickler,5,3
Arya-Stark,Tom-of-Sevenstreams,24,3
Arya-Stark,Tyrion-Lannister,7,3
Axell-Florent,Davos-Seaworth,21,3
Axell-Florent,Lamprey,5,3
Axell-Florent,Melisandre,4,3
Axell-Florent,Porridge,5,3
Axell-Florent,Salladhor-Saan,3,3
Axell-Florent,Selyse-Florent,8,3
Axell-Florent,Stannis-Baratheon,16,3
Azor-Ahai,Stannis-Baratheon,3,3
Baelor-I-Targaryen,Cersei-Lannister,3,3
Baelor-I-Targaryen,Sansa-Stark,3,3
Baelor-I-Targaryen,Tyrion-Lannister,3,3
Ballabar,Frenken,4,3
Ballabar,Tyrion-Lannister,4,3
Balon-Greyjoy,Robb-Stark,6,3
Balon-Greyjoy,Stannis-Baratheon,4,3
Balon-Greyjoy,Tywin-Lannister,4,3
Balon-Swann,Boros-Blount,3,3
Balon-Swann,Jaime-Lannister,5,3
Balon-Swann,Joffrey-Baratheon,5,3
Balon-Swann,Loras-Tyrell,6,3
Balon-Swann,Osmund-Kettleblack,3,3
Balon-Swann,Tyrion-Lannister,4,3
Bannen,Dywen,5,3
Bannen,Samwell-Tarly,11,3
Barristan-Selmy,Daenerys-Targaryen,5,3
Barristan-Selmy,Gerold-Hightower,5,3
Barristan-Selmy,Jaime-Lannister,4,3
Barristan-Selmy,Jorah-Mormont,5,3
Barristan-Selmy,Robert-Baratheon,8,3
Bedwyck,Craster,4,3
Bedwyck,Dywen,3,3
Bedwyck,Eddison-Tollett,4,3
Bedwyck,Grenn,4,3
Bedwyck,Samwell-Tarly,3,3
Belwas,Ben-Plumm,4,3
Belwas,Daenerys-Targaryen,28,3
Belwas,Illyrio-Mopatis,8,3
Belwas,Jhiqui,3,3
Belwas,Jorah-Mormont,18,3
Belwas,Oznak-zo-Pahl,8,3
Ben-Plumm,Daario-Naharis,4,3
Ben-Plumm,Daenerys-Targaryen,10,3
Benjen-Stark,Bran-Stark,3,3
Benjen-Stark,Jeor-Mormont,3,3
Benjen-Stark,Jon-Snow,3,3
Benjen-Stark,Robert-Baratheon,3,3
Beric-Dondarrion,Gendry,4,3
Beric-Dondarrion,Gregor-Clegane,3,3
Beric-Dondarrion,Harwin,7,3
Beric-Dondarrion,Jack-Bulwer,4,3
Beric-Dondarrion,Joffrey-Baratheon,3,3
Beric-Dondarrion,Lem,14,3
Beric-Dondarrion,Sandor-Clegane,15,3
Beric-Dondarrion,Thoros-of-Myr,26,3
Beric-Dondarrion,Tom-of-Sevenstreams,4,3
Big-Boil,Jon-Snow,3,3
Big-Boil,Ygritte,3,3
Biter,Rorge,3,3
Blane,Jeor-Mormont,3,3
Boros-Blount,Cersei-Lannister,4,3
Boros-Blount,Jaime-Lannister,6,3
Boros-Blount,Loras-Tyrell,5,3
Boros-Blount,Meryn-Trant,6,3
Boros-Blount,Tommen-Baratheon,7,3
Boros-Blount,Tyrion-Lannister,6,3
Bowen-Marsh,Cotter-Pyke,3,3
Bowen-Marsh,Denys-Mallister,5,3
Bowen-Marsh,Donal-Noye,4,3
Bowen-Marsh,Eddison-Tollett,3,3
Bowen-Marsh,Hobb,3,3
Bowen-Marsh,Janos-Slynt,10,3
Bowen-Marsh,Jeor-Mormont,8,3
Bowen-Marsh,Jon-Snow,5,3
Bowen-Marsh,Othell-Yarwyck,9,3
Bowen-Marsh,Samwell-Tarly,7,3
Bran-Stark,Catelyn-Stark,3,3
Bran-Stark,Coldhands,4,3
Bran-Stark,Eddard-Stark,7,3
Bran-Stark,Hodor,71,3
Bran-Stark,Joffrey-Baratheon,3,3
Bran-Stark,Jojen-Reed,48,3
Bran-Stark,Jon-Snow,13,3
Bran-Stark,Jon-Umber-(Greatjon),3,3
Bran-Stark,Meera-Reed,54,3
Bran-Stark,Nan,14,3
Bran-Stark,Rickon-Stark,31,3
Bran-Stark,Robb-Stark,18,3
Bran-Stark,Samwell-Tarly,11,3
Bran-Stark,Sansa-Stark,10,3
Bran-Stark,Theon-Greyjoy,9,3
Brandon-Stark,Eddard-Stark,8,3
Brandon-Stark,Rickon-Stark,3,3
Brandon-Stark,Robb-Stark,3,3
Brella,Sansa-Stark,4,3
Brella,Shae,4,3
Brenett,Catelyn-Stark,3,3
Brienne-of-Tarth,Catelyn-Stark,7,3
Brienne-of-Tarth,Cersei-Lannister,5,3
Brienne-of-Tarth,Cleos-Frey,12,3
Brienne-of-Tarth,Elmar-Frey,6,3
Brienne-of-Tarth,Jaime-Lannister,87,3
Brienne-of-Tarth,Loras-Tyrell,6,3
Brienne-of-Tarth,Qyburn,3,3
Brienne-of-Tarth,Robb-Stark,5,3
Brienne-of-Tarth,Roose-Bolton,11,3
Brienne-of-Tarth,Sansa-Stark,5,3
Brienne-of-Tarth,Tyrion-Lannister,4,3
Brienne-of-Tarth,Vargo-Hoat,4,3
Brienne-of-Tarth,Walton,3,3
Bronn,Cersei-Lannister,8,3
Bronn,Gregor-Clegane,4,3
Bronn,Joffrey-Baratheon,3,3
Bronn,Lollys-Stokeworth,3,3
Bronn,Mandon-Moore,3,3
Bronn,Oberyn-Martell,4,3
Bronn,Podrick-Payne,17,3
Bronn,Tommen-Baratheon,4,3
Bronn,Tyrion-Lannister,32,3
Bronn,Tywin-Lannister,3,3
Bronn,Varys,4,3
Brynden-Tully,Catelyn-Stark,5,3
Brynden-Tully,Edmure-Tully,6,3
Brynden-Tully,Rickard-Karstark,4,3
Brynden-Tully,Robb-Stark,12,3
Brynden-Tully,Tywin-Lannister,4,3
Brynden-Tully,Walder-Frey,4,3
Butterbumps,Olenna-Redwyne,4,3
Butterbumps,Sansa-Stark,6,3
Byam-Flint,Craster,3,3
Catelyn-Stark,Cersei-Lannister,4,3
Catelyn-Stark,Cleos-Frey,4,3
Catelyn-Stark,Dacey-Mormont,5,3
Catelyn-Stark,Desmond-Grell,6,3
Catelyn-Stark,Eddard-Stark,7,3
Catelyn-Stark,Edmure-Tully,18,3
Catelyn-Stark,Elmar-Frey,5,3
Catelyn-Stark,Hoster-Tully,16,3
Catelyn-Stark,Jaime-Lannister,19,3
Catelyn-Stark,Jason-Mallister,5,3
Catelyn-Stark,Jeyne-Westerling,13,3
Catelyn-Stark,Joffrey-Baratheon,3,3
Catelyn-Stark,Jon-Umber-(Greatjon),10,3
Catelyn-Stark,Lothar-Frey,3,3
Catelyn-Stark,Lysa-Arryn,15,3
Catelyn-Stark,Maege-Mormont,6,3
Catelyn-Stark,Marq-Piper,3,3
Catelyn-Stark,Petyr-Baelish,6,3
Catelyn-Stark,Raynald-Westerling,5,3
Catelyn-Stark,Rickard-Karstark,6,3
Catelyn-Stark,Robb-Stark,48,3
Catelyn-Stark,Robin-Ryger,3,3
Catelyn-Stark,Rodrik-Cassel,3,3
Catelyn-Stark,Roose-Bolton,10,3
Catelyn-Stark,Roslin-Frey,7,3
Catelyn-Stark,Ryman-Frey,6,3
Catelyn-Stark,Sansa-Stark,11,3
Catelyn-Stark,Stannis-Baratheon,4,3
Catelyn-Stark,Tansy,8,3
Catelyn-Stark,Tyrion-Lannister,7,3
Catelyn-Stark,Vyman,9,3
Catelyn-Stark,Walder-Frey,25,3
Cersei-Lannister,Dunsen,6,3
Cersei-Lannister,Eddard-Stark,6,3
Cersei-Lannister,Elia-Martell,4,3
Cersei-Lannister,Ellaria-Sand,4,3
Cersei-Lannister,Gregor-Clegane,7,3
Cersei-Lannister,Ilyn-Payne,8,3
Cersei-Lannister,Jaime-Lannister,35,3
Cersei-Lannister,Joffrey-Baratheon,44,3
Cersei-Lannister,Kevan-Lannister,5,3
Cersei-Lannister,Lancel-Lannister,3,3
Cersei-Lannister,Lysa-Arryn,4,3
Cersei-Lannister,Mace-Tyrell,6,3
Cersei-Lannister,Mandon-Moore,4,3
Cersei-Lannister,Margaery-Tyrell,6,3
Cersei-Lannister,Meryn-Trant,13,3
Cersei-Lannister,Oberyn-Martell,9,3
Cersei-Lannister,Olenna-Redwyne,5,3
Cersei-Lannister,Osmund-Kettleblack,8,3
Cersei-Lannister,Polliver,6,3
Cersei-Lannister,Pycelle,4,3
Cersei-Lannister,Rafford,6,3
Cersei-Lannister,Robert-Baratheon,14,3
Cersei-Lannister,Sandor-Clegane,5,3
Cersei-Lannister,Sansa-Stark,21,3
Cersei-Lannister,Shae,4,3
Cersei-Lannister,Tickler,6,3
Cersei-Lannister,Tommen-Baratheon,4,3
Cersei-Lannister,Tyrion-Lannister,54,3
Cersei-Lannister,Tywin-Lannister,20,3
Cersei-Lannister,Varys,4,3
Cersei-Lannister,Willas-Tyrell,5,3
Chataya,Tyrion-Lannister,4,3
Chett,Jeor-Mormont,6,3
Chett,Lark,9,3
Chett,Qhorin-Halfhand,3,3
Chett,Samwell-Tarly,4,3
Chett,Small-Paul,8,3
Cleon,Daenerys-Targaryen,4,3
Cleon,Ghael,5,3
Cleos-Frey,Jaime-Lannister,25,3
Clubfoot-Karl,Craster,6,3
Clubfoot-Karl,Samwell-Tarly,3,3
Clydas,Hobb,6,3
Clydas,Jon-Snow,10,3
Clydas,Samwell-Tarly,6,3
Coldhands,Gilly,3,3
Cotter-Pyke,Denys-Mallister,14,3
Cotter-Pyke,Eddison-Tollett,3,3
Cotter-Pyke,Jon-Snow,3,3
Cotter-Pyke,Othell-Yarwyck,6,3
Cotter-Pyke,Pypar,3,3
Cotter-Pyke,Samwell-Tarly,10,3
Cotter-Pyke,Stannis-Baratheon,5,3
Craster,Dirk,6,3
Craster,Eddison-Tollett,3,3
Craster,Gilly,16,3
Craster,Grenn,3,3
Craster,Jeor-Mormont,8,3
Craster,Jojen-Reed,3,3
Craster,Jon-Snow,7,3
Craster,Mance-Rayder,6,3
Craster,Samwell-Tarly,32,3
Craster,Tormund,3,3
Cressen,Davos-Seaworth,4,3
Daario-Naharis,Daenerys-Targaryen,15,3
Daario-Naharis,Drogo,3,3
Daario-Naharis,Irri,3,3
Daario-Naharis,Jorah-Mormont,10,3
Daario-Naharis,Prendahl-na-Ghezn,3,3
Daario-Naharis,Sallor,3,3
Dacey-Mormont,Maege-Mormont,3,3
Dacey-Mormont,Robb-Stark,3,3
Daenerys-Targaryen,Drogo,7,3
Daenerys-Targaryen,Ghael,3,3
Daenerys-Targaryen,Grey-Worm,14,3
Daenerys-Targaryen,Groleo,6,3
Daenerys-Targaryen,Irri,17,3
Daenerys-Targaryen,Jhiqui,17,3
Daenerys-Targaryen,Jhogo,4,3
Daenerys-Targaryen,Jorah-Mormont,53,3
Daenerys-Targaryen,Kraznys-mo-Nakloz,16,3
Daenerys-Targaryen,Mero,5,3
Daenerys-Targaryen,Missandei,26,3
Daenerys-Targaryen,Oznak-zo-Pahl,4,3
Daenerys-Targaryen,Rakharo,7,3
Daenerys-Targaryen,Rhaegar-Targaryen,13,3
Daenerys-Targaryen,Rhaegel-Targaryen,5,3
Daenerys-Targaryen,Robert-Baratheon,8,3
Daenerys-Targaryen,Viserys-Targaryen,8,3
Daeron-I-Targaryen,Shireen-Baratheon,3,3
Dalla,Jon-Snow,6,3
Dalla,Mance-Rayder,10,3
Dalla,Val,7,3
Davos-Seaworth,Devan-Seaworth,5,3
Davos-Seaworth,Edric-Storm,19,3
Davos-Seaworth,Guncer-Sunglass,3,3
Davos-Seaworth,Joffrey-Baratheon,10,3
Davos-Seaworth,Khorane-Sathmantes,4,3
Davos-Seaworth,Lamprey,8,3
Davos-Seaworth,Melisandre,40,3
Davos-Seaworth,Porridge,6,3
Davos-Seaworth,Pylos,15,3
Davos-Seaworth,Salladhor-Saan,22,3
Davos-Seaworth,Selyse-Florent,6,3
Davos-Seaworth,Shireen-Baratheon,9,3
Davos-Seaworth,Stannis-Baratheon,52,3
Denys-Mallister,Eddison-Tollett,3,3
Denys-Mallister,Janos-Slynt,3,3
Denys-Mallister,Othell-Yarwyck,4,3
Denys-Mallister,Pypar,4,3
Denys-Mallister,Samwell-Tarly,14,3
Desmond-Grell,Edmure-Tully,4,3
Desmond-Grell,Robb-Stark,4,3
Desmond-Grell,Utherydes-Wayn,6,3
Devan-Seaworth,Pylos,3,3
Devan-Seaworth,Stannis-Baratheon,4,3
Dick-Follard,Jon-Snow,3,3
Dick-Follard,Satin,5,3
Dirk,Samwell-Tarly,4,3
Donal-Noye,Jeor-Mormont,4,3
Donal-Noye,Jon-Snow,33,3
Donal-Noye,Mag-Mar-Tun-Doh-Weg,6,3
Donal-Noye,Mance-Rayder,3,3
Donal-Noye,Qhorin-Halfhand,3,3
Donal-Noye,Stannis-Baratheon,4,3
Dontos-Hollard,Joffrey-Baratheon,10,3
Dontos-Hollard,Lothor-Brune,3,3
Dontos-Hollard,Moon-Boy,3,3
Dontos-Hollard,Petyr-Baelish,4,3
Dontos-Hollard,Sansa-Stark,13,3
Dontos-Hollard,Tyrion-Lannister,7,3
Dontos-Hollard,Willas-Tyrell,3,3
Doran-Martell,Gregor-Clegane,3,3
Doran-Martell,Oberyn-Martell,4,3
Doran-Martell,Tyrion-Lannister,10,3
Drogo,Irri,3,3
Drogo,Jorah-Mormont,8,3
Dunsen,Gregor-Clegane,11,3
Dunsen,Ilyn-Payne,6,3
Dunsen,Joffrey-Baratheon,6,3
Dunsen,Meryn-Trant,6,3
Dunsen,Polliver,9,3
Dunsen,Rafford,10,3
Dunsen,Sandor-Clegane,7,3
Dunsen,Tickler,9,3
Dywen,Eddison-Tollett,5,3
Dywen,Grenn,4,3
Dywen,Jeor-Mormont,4,3
Dywen,Samwell-Tarly,6,3
Eddard-Stark,Gregor-Clegane,3,3
Eddard-Stark,Jaime-Lannister,6,3
Eddard-Stark,Joffrey-Baratheon,3,3
Eddard-Stark,Jon-Snow,4,3
Eddard-Stark,Rickon-Stark,8,3
Eddard-Stark,Robb-Stark,13,3
Eddard-Stark,Robert-Baratheon,7,3
Eddard-Stark,Sandor-Clegane,4,3
Eddard-Stark,Sansa-Stark,6,3
Eddard-Stark,Torrhen-Stark,3,3
Eddard-Stark,Tyrion-Lannister,3,3
Eddison-Tollett,Grenn,13,3
Eddison-Tollett,Jeor-Mormont,5,3
Eddison-Tollett,Othell-Yarwyck,3,3
Eddison-Tollett,Pypar,5,3
Eddison-Tollett,Samwell-Tarly,15,3
Eddison-Tollett,Watt,3,3
Edmure-Tully,Elmar-Frey,3,3
Edmure-Tully,Hoster-Tully,11,3
Edmure-Tully,Jaime-Lannister,4,3
Edmure-Tully,Lothar-Frey,4,3
Edmure-Tully,Marq-Piper,5,3
Edmure-Tully,Robb-Stark,34,3
Edmure-Tully,Roslin-Frey,15,3
Edmure-Tully,Tansy,3,3
Edmure-Tully,Tywin-Lannister,3,3
Edmure-Tully,Walder-Frey,9,3
Edric-Storm,Pylos,9,3
Edric-Storm,Robert-Baratheon,3,3
Edric-Storm,Shireen-Baratheon,3,3
Edric-Storm,Stannis-Baratheon,6,3
Elia-Martell,Gregor-Clegane,7,3
Elia-Martell,Jaime-Lannister,4,3
Elia-Martell,Oberyn-Martell,9,3
Elia-Martell,Rhaegar-Targaryen,7,3
Elia-Martell,Tyrion-Lannister,6,3
Elinor-Tyrell,Megga-Tyrell,8,3
Elinor-Tyrell,Sansa-Stark,5,3
Ellaria-Sand,Oberyn-Martell,7,3
Ellaria-Sand,Tyrion-Lannister,4,3
Elmar-Frey,Jaime-Lannister,6,3
Elmar-Frey,Robb-Stark,9,3
Elmar-Frey,Roose-Bolton,3,3
Elmar-Frey,Tywin-Lannister,3,3
Elmar-Frey,Walder-Frey,6,3
Errok,Grigg,7,3
Errok,Jon-Snow,4,3
Errok,Styr,3,3
Galbart-Glover,Robett-Glover,3,3
Galyeon-of-Cuy,Tyrion-Lannister,3,3
Garlan-Tyrell,Joffrey-Baratheon,6,3
Garlan-Tyrell,Leonette-Fossoway,3,3
Garlan-Tyrell,Loras-Tyrell,6,3
Garlan-Tyrell,Sansa-Stark,5,3
Garlan-Tyrell,Tyrion-Lannister,11,3
Garlan-Tyrell,Willas-Tyrell,3,3
Gawen-Westerling,Jeyne-Westerling,3,3
Gawen-Westerling,Sybell-Spicer,3,3
Gendel,Gorne,3,3
Gendel,Jon-Snow,3,3
Gendry,Greenbeard,3,3
Gendry,Harwin,8,3
Gendry,Hot-Pie,30,3
Gendry,Lem,9,3
Gendry,Merrit,3,3
Gendry,Robert-Baratheon,3,3
Gendry,Sandor-Clegane,5,3
Gendry,Thoros-of-Myr,8,3
Gendry,Tom-of-Sevenstreams,10,3
Gerold-Hightower,Jaime-Lannister,4,3
Gerold-Hightower,Lewyn-Martell,3,3
Gilly,Jojen-Reed,3,3
Gilly,Jon-Snow,8,3
Gilly,Mance-Rayder,6,3
Gilly,Meera-Reed,3,3
Gilly,Samwell-Tarly,35,3
Gilly,Small-Paul,3,3
Gorne,Jon-Snow,3,3
Grazdan-mo-Eraz,Mero,3,3
Greenbeard,Harwin,4,3
Greenbeard,Lem,12,3
Greenbeard,Thoros-of-Myr,3,3
Greenbeard,Tom-of-Sevenstreams,4,3
Gregor-Clegane,Helman-Tallhart,3,3
Gregor-Clegane,Ilyn-Payne,7,3
Gregor-Clegane,Jaime-Lannister,7,3
Gregor-Clegane,Joffrey-Baratheon,9,3
Gregor-Clegane,Meryn-Trant,6,3
Gregor-Clegane,Oberyn-Martell,39,3
Gregor-Clegane,Polliver,11,3
Gregor-Clegane,Rafford,12,3
Gregor-Clegane,Robb-Stark,4,3
Gregor-Clegane,Sandor-Clegane,10,3
Gregor-Clegane,Tickler,12,3
Gregor-Clegane,Tyrion-Lannister,23,3
Gregor-Clegane,Tywin-Lannister,5,3
Grenn,Jeor-Mormont,7,3
Grenn,Jon-Snow,30,3
Grenn,Kegs,5,3
Grenn,Owen,4,3
Grenn,Pypar,28,3
Grenn,Samwell-Tarly,43,3
Grenn,Small-Paul,3,3
Grey-Worm,Jorah-Mormont,4,3
Grigg,Jarl,3,3
Grigg,Jon-Snow,5,3
Grisel,Petyr-Baelish,3,3
Guncer-Sunglass,Melisandre,4,3
Gyles-Rosby,Jalabhar-Xho,4,3
Halder,Jon-Snow,3,3
Halder,Todder,3,3
Hareth-(Moles-Town),Jon-Snow,8,3
Hareth-(Moles-Town),Kegs,3,3
Hareth-(Moles-Town),Mully,3,3
Hareth-(Moles-Town),Satin,5,3
Hareth-(Moles-Town),Spare-Boot,3,3
Harma,Jarl,3,3
Harma,Jon-Snow,7,3
Harma,Mance-Rayder,10,3
Harma,Rattleshirt,5,3
Harma,Styr,4,3
Harma,Tormund,4,3
Harma,Varamyr,3,3
Harma,Weeper,3,3
Harwin,Lem,7,3
Harwin,Sandor-Clegane,3,3
Helman-Tallhart,Randyll-Tarly,3,3
Helman-Tallhart,Robett-Glover,4,3
High-Septon-(Tyrions),Joffrey-Baratheon,6,3
High-Septon-(Tyrions),Pycelle,3,3
High-Septon-(Tyrions),Tyrion-Lannister,3,3
Hobb,Janos-Slynt,4,3
Hobb,Othell-Yarwyck,3,3
Hobb,Owen,3,3
Hobb,Samwell-Tarly,3,3
Hodor,Jojen-Reed,24,3
Hodor,Meera-Reed,28,3
Hoster-Tully,Jaime-Lannister,4,3
Hoster-Tully,Lothar-Frey,5,3
Hoster-Tully,Lysa-Arryn,6,3
Hoster-Tully,Robb-Stark,4,3
Hoster-Tully,Tansy,5,3
Hoster-Tully,Vyman,4,3
Hot-Pie,Lem,7,3
Hot-Pie,Sharna,3,3
Hot-Pie,Tom-of-Sevenstreams,4,3
Husband,Lem,4,3
Ilyn-Payne,Joffrey-Baratheon,9,3
Ilyn-Payne,Meryn-Trant,6,3
Ilyn-Payne,Polliver,5,3
Ilyn-Payne,Rafford,6,3
Ilyn-Payne,Sandor-Clegane,5,3
Ilyn-Payne,Tickler,6,3
Ilyn-Payne,Tyrion-Lannister,6,3
Irri,Jhiqui,15,3
Irri,Jorah-Mormont,3,3
Irri,Missandei,4,3
Jack-Be-Lucky,Lem,5,3
Jack-Bulwer,Thoros-of-Myr,5,3
Jaime-Lannister,Joffrey-Baratheon,21,3
Jaime-Lannister,Lem,6,3
Jaime-Lannister,Loras-Tyrell,24,3
Jaime-Lannister,Lysa-Arryn,3,3
Jaime-Lannister,Meryn-Trant,9,3
Jaime-Lannister,Oberyn-Martell,3,3
Jaime-Lannister,Osmund-Kettleblack,5,3
Jaime-Lannister,Qyburn,21,3
Jaime-Lannister,Renly-Baratheon,9,3
Jaime-Lannister,Rickard-Karstark,4,3
Jaime-Lannister,Robb-Stark,17,3
Jaime-Lannister,Robert-Baratheon,18,3
Jaime-Lannister,Robin-Ryger,9,3
Jaime-Lannister,Roose-Bolton,17,3
Jaime-Lannister,Rorge,9,3
Jaime-Lannister,Sansa-Stark,9,3
Jaime-Lannister,Shagwell,4,3
Jaime-Lannister,Stannis-Baratheon,6,3
Jaime-Lannister,Thoros-of-Myr,3,3
Jaime-Lannister,Tommen-Baratheon,10,3
Jaime-Lannister,Tyrion-Lannister,33,3
Jaime-Lannister,Tywin-Lannister,16,3
Jaime-Lannister,Urswyck,11,3
Jaime-Lannister,Vargo-Hoat,16,3
Jaime-Lannister,Varys,5,3
Jaime-Lannister,Walton,18,3
Janos-Slynt,Jon-Snow,10,3
Janos-Slynt,Mance-Rayder,6,3
Janos-Slynt,Othell-Yarwyck,9,3
Janos-Slynt,Samwell-Tarly,7,3
Janos-Slynt,Stannis-Baratheon,4,3
Janos-Slynt,Tyrion-Lannister,5,3
Jarl,Jon-Snow,21,3
Jarl,Mance-Rayder,8,3
Jarl,Rattleshirt,6,3
Jarl,Styr,16,3
Jarl,Val,5,3
Jarl,Ygritte,6,3
Jason-Mallister,Tytos-Blackwood,3,3
Jeor-Mormont,Jon-Snow,19,3
Jeor-Mormont,Lark,3,3
Jeor-Mormont,Othell-Yarwyck,3,3
Jeor-Mormont,Qhorin-Halfhand,6,3
Jeor-Mormont,Samwell-Tarly,23,3
Jeor-Mormont,Small-Paul,3,3
Jeor-Mormont,Thoren-Smallwood,8,3
Jeor-Mormont,Tyrion-Lannister,4,3
Jeyne-Westerling,Lothar-Frey,4,3
Jeyne-Westerling,Robb-Stark,21,3
Jeyne-Westerling,Walder-Frey,5,3
Jhiqui,Jorah-Mormont,5,3
Jhiqui,Missandei,5,3
Jhogo,Rakharo,4,3
Joanna-Lannister,Tywin-Lannister,4,3
Joffrey-Baratheon,Jon-Snow,4,3
Joffrey-Baratheon,Kevan-Lannister,11,3
Joffrey-Baratheon,Loras-Tyrell,12,3
Joffrey-Baratheon,Mace-Tyrell,10,3
Joffrey-Baratheon,Mance-Rayder,5,3
Joffrey-Baratheon,Margaery-Tyrell,44,3
Joffrey-Baratheon,Melisandre,4,3
Joffrey-Baratheon,Meryn-Trant,12,3
Joffrey-Baratheon,Mycah,3,3
Joffrey-Baratheon,Myrcella-Baratheon,6,3
Joffrey-Baratheon,Oberyn-Martell,8,3
Joffrey-Baratheon,Olenna-Redwyne,3,3
Joffrey-Baratheon,Osmund-Kettleblack,9,3
Joffrey-Baratheon,Paxter-Redwyne,5,3
Joffrey-Baratheon,Petyr-Baelish,8,3
Joffrey-Baratheon,Polliver,6,3
Joffrey-Baratheon,Pycelle,9,3
Joffrey-Baratheon,Rafford,6,3
Joffrey-Baratheon,Renly-Baratheon,5,3
Joffrey-Baratheon,Robb-Stark,14,3
Joffrey-Baratheon,Robert-Baratheon,9,3
Joffrey-Baratheon,Sandor-Clegane,16,3
Joffrey-Baratheon,Sansa-Stark,53,3
Joffrey-Baratheon,Selyse-Florent,3,3
Joffrey-Baratheon,Shae,3,3
Joffrey-Baratheon,Shireen-Baratheon,3,3
Joffrey-Baratheon,Stannis-Baratheon,17,3
Joffrey-Baratheon,Tickler,6,3
Joffrey-Baratheon,Tommen-Baratheon,20,3
Joffrey-Baratheon,Tyrion-Lannister,95,3
Joffrey-Baratheon,Tywin-Lannister,23,3
Joffrey-Baratheon,Varys,6,3
Jojen-Reed,Meera-Reed,34,3
Jojen-Reed,Samwell-Tarly,10,3
Jon-Arryn,Lysa-Arryn,4,3
Jon-Arryn,Robert-Arryn,3,3
Jon-Arryn,Robert-Baratheon,4,3
Jon-Snow,Kegs,5,3
Jon-Snow,Mag-Mar-Tun-Doh-Weg,3,3
Jon-Snow,Mance-Rayder,83,3
Jon-Snow,Melisandre,9,3
Jon-Snow,Mully,4,3
Jon-Snow,Orell,6,3
Jon-Snow,Owen,14,3
Jon-Snow,Pypar,27,3
Jon-Snow,Qhorin-Halfhand,23,3
Jon-Snow,Rattleshirt,23,3
Jon-Snow,Robb-Stark,12,3
Jon-Snow,Robert-Baratheon,5,3
Jon-Snow,Ryk,11,3
Jon-Snow,Samwell-Tarly,50,3
Jon-Snow,Satin,33,3
Jon-Snow,Spare-Boot,5,3
Jon-Snow,Stannis-Baratheon,12,3
Jon-Snow,Styr,40,3
Jon-Snow,Theon-Greyjoy,8,3
Jon-Snow,Tormund,23,3
Jon-Snow,Val,11,3
Jon-Snow,Varamyr,7,3
Jon-Snow,Ygritte,54,3
Jon-Snow,Zei,3,3
Jon-Umber-(Greatjon),Jon-Umber-(Smalljon),4,3
Jon-Umber-(Greatjon),Maege-Mormont,3,3
Jon-Umber-(Greatjon),Rickard-Karstark,7,3
Jon-Umber-(Greatjon),Robb-Stark,15,3
Jon-Umber-(Greatjon),Robin-Flint,3,3
Jon-Umber-(Greatjon),Walder-Frey,4,3
Jon-Umber-(Greatjon),Wendel-Manderly,3,3
Jon-Umber-(Smalljon),Robb-Stark,5,3
Jonothor-Darry,Lewyn-Martell,3,3
Jonothor-Darry,Oswell-Whent,3,3
Jorah-Mormont,Mero,9,3
Jorah-Mormont,Missandei,3,3
Jorah-Mormont,Rhaegar-Targaryen,5,3
Joramun,Mance-Rayder,3,3
Kegs,Owen,5,3
Kegs,Pypar,3,3
Kegs,Satin,4,3
Kegs,Spare-Boot,4,3
Kella,Sansa-Stark,3,3
Kevan-Lannister,Lancel-Lannister,7,3
Kevan-Lannister,Pycelle,3,3
Kevan-Lannister,Sansa-Stark,5,3
Kevan-Lannister,Tommen-Baratheon,3,3
Kevan-Lannister,Tyrion-Lannister,11,3
Kevan-Lannister,Tywin-Lannister,15,3
Kevan-Lannister,Varys,5,3
Kevan-Lannister,Willem-Lannister,3,3
Khorane-Sathmantes,Salladhor-Saan,4,3
Khorane-Sathmantes,Stannis-Baratheon,3,3
Lamprey,Porridge,3,3
Lark,Samwell-Tarly,3,3
Lark,Small-Paul,8,3
Lark,Softfoot,3,3
Lem,Sandor-Clegane,5,3
Lem,Sharna,3,3
Lem,Tansy,3,3
Lem,Thoros-of-Myr,13,3
Lem,Tom-of-Sevenstreams,21,3
Lewyn-Martell,Oswell-Whent,3,3
Lollys-Stokeworth,Shae,5,3
Lollys-Stokeworth,Symon-Silver-Tongue,3,3
Lollys-Stokeworth,Tanda-Stokeworth,7,3
Lollys-Stokeworth,Tyrion-Lannister,8,3
Lollys-Stokeworth,Varys,5,3
Loras-Tyrell,Margaery-Tyrell,10,3
Loras-Tyrell,Olenna-Redwyne,5,3
Loras-Tyrell,Osmund-Kettleblack,4,3
Loras-Tyrell,Renly-Baratheon,8,3
Loras-Tyrell,Sansa-Stark,13,3
Loras-Tyrell,Tyrion-Lannister,10,3
Loras-Tyrell,Willas-Tyrell,4,3
Lothar-Frey,Marq-Piper,3,3
Lothar-Frey,Merrett-Frey,3,3
Lothar-Frey,Robb-Stark,12,3
Lothar-Frey,Roose-Bolton,3,3
Lothar-Frey,Roslin-Frey,4,3
Lothar-Frey,Walder-Frey,6,3
Lothar-Frey,Walder-Rivers,3,3
Lothor-Brune,Petyr-Baelish,5,3
Lothor-Brune,Sansa-Stark,6,3
Luwin,Nan,5,3
Lysa-Arryn,Marillion,10,3
Lysa-Arryn,Mathis-Rowan,3,3
Lysa-Arryn,Petyr-Baelish,29,3
Lysa-Arryn,Robert-Arryn,7,3
Lysa-Arryn,Robert-Baratheon,3,3
Lysa-Arryn,Sansa-Stark,35,3
Lysa-Arryn,Tansy,3,3
Lysa-Arryn,Tyrion-Lannister,6,3
Lysa-Arryn,Tywin-Lannister,4,3
Mace-Tyrell,Margaery-Tyrell,5,3
Mace-Tyrell,Oberyn-Martell,15,3
Mace-Tyrell,Olenna-Redwyne,3,3
Mace-Tyrell,Paxter-Redwyne,4,3
Mace-Tyrell,Sansa-Stark,9,3
Mace-Tyrell,Stannis-Baratheon,5,3
Mace-Tyrell,Tyrion-Lannister,15,3
Mace-Tyrell,Tywin-Lannister,10,3
Mace-Tyrell,Willas-Tyrell,4,3
Maege-Mormont,Robb-Stark,3,3
Maegor-I-Targaryen,Varys,3,3
Mallador-Locke,Thoren-Smallwood,4,3
Mance-Rayder,Pypar,4,3
Mance-Rayder,Qhorin-Halfhand,9,3
Mance-Rayder,Rattleshirt,12,3
Mance-Rayder,Samwell-Tarly,10,3
Mance-Rayder,Styr,14,3
Mance-Rayder,Thoren-Smallwood,4,3
Mance-Rayder,Tormund,20,3
Mance-Rayder,Val,8,3
Mance-Rayder,Varamyr,6,3
Mance-Rayder,Ygritte,14,3
Mandon-Moore,Tyrion-Lannister,3,3
Mandon-Moore,Varys,3,3
Margaery-Tyrell,Olenna-Redwyne,4,3
Margaery-Tyrell,Renly-Baratheon,6,3
Margaery-Tyrell,Sansa-Stark,34,3
Margaery-Tyrell,Tommen-Baratheon,5,3
Margaery-Tyrell,Tyrion-Lannister,10,3
Margaery-Tyrell,Willas-Tyrell,5,3
Marillion,Robert-Arryn,3,3
Marillion,Sansa-Stark,12,3
Marq-Piper,Robb-Stark,3,3
Martyn-Lannister,Tywin-Lannister,3,3
Martyn-Lannister,Willem-Lannister,3,3
Mathis-Rowan,Paxter-Redwyne,8,3
Meera-Reed,Samwell-Tarly,5,3
Megga-Tyrell,Sansa-Stark,6,3
Melisandre,Salladhor-Saan,6,3
Melisandre,Samwell-Tarly,7,3
Melisandre,Selyse-Florent,9,3
Melisandre,Stannis-Baratheon,38,3
Merrett-Frey,Petyr-Baelish,3,3
Meryn-Trant,Osmund-Kettleblack,4,3
Meryn-Trant,Polliver,5,3
Meryn-Trant,Rafford,6,3
Meryn-Trant,Sandor-Clegane,5,3
Meryn-Trant,Sansa-Stark,3,3
Meryn-Trant,Tickler,6,3
Meryn-Trant,Tyrion-Lannister,5,3
Mordane,Sansa-Stark,4,3
Mully,Owen,3,3
Mully,Satin,4,3
Mully,Spare-Boot,3,3
Munda,Tormund,4,3
Mycah,Sandor-Clegane,6,3
Myrcella-Baratheon,Sansa-Stark,4,3
Myrcella-Baratheon,Tommen-Baratheon,7,3
Myrcella-Baratheon,Tyrion-Lannister,4,3
Nage,Walton,3,3
Oberyn-Martell,Sansa-Stark,3,3
Oberyn-Martell,Tyrion-Lannister,41,3
Oberyn-Martell,Tywin-Lannister,9,3
Oberyn-Martell,Viserys-Targaryen,4,3
Olenna-Redwyne,Sansa-Stark,12,3
Olenna-Redwyne,Tyrion-Lannister,3,3
Olyvar-Frey,Robb-Stark,8,3
Olyvar-Frey,Ryman-Frey,4,3
Orell,Ygritte,3,3
Osmund-Kettleblack,Sansa-Stark,4,3
Osmund-Kettleblack,Tyrion-Lannister,5,3
Oswell-Kettleblack,Petyr-Baelish,4,3
Oswell-Kettleblack,Sansa-Stark,5,3
Othell-Yarwyck,Pypar,3,3
Ottyn-Wythers,Thoren-Smallwood,6,3
Owen,Pypar,4,3
Owen,Robert-Baratheon,3,3
Owen,Satin,4,3
Owen,Spare-Boot,4,3
Patchface,Shireen-Baratheon,3,3
Paxter-Redwyne,Tyrion-Lannister,4,3
Perwyn-Frey,Robb-Stark,3,3
Petyr-Baelish,Robb-Stark,6,3
Petyr-Baelish,Robert-Arryn,4,3
Petyr-Baelish,Roose-Bolton,3,3
Petyr-Baelish,Sansa-Stark,31,3
Petyr-Baelish,Tyrion-Lannister,14,3
Petyr-Baelish,Tywin-Lannister,5,3
Petyr-Baelish,Yohn-Royce,3,3
Petyr-Frey,Ryman-Frey,4,3
Petyr-Frey,Walder-Frey,4,3
Podrick-Payne,Sansa-Stark,7,3
Podrick-Payne,Tyrion-Lannister,27,3
Podrick-Payne,Tywin-Lannister,4,3
Polliver,Rafford,10,3
Polliver,Sandor-Clegane,19,3
Polliver,Sansa-Stark,3,3
Polliver,Tickler,16,3
Prendahl-na-Ghezn,Sallor,6,3
Pycelle,Tyrion-Lannister,12,3
Pycelle,Tywin-Lannister,5,3
Pycelle,Varys,5,3
Pylos,Shireen-Baratheon,4,3
Pylos,Stannis-Baratheon,4,3
Pypar,Samwell-Tarly,15,3
Pypar,Satin,4,3
Qhorin-Halfhand,Ragwyle,3,3
Qhorin-Halfhand,Rattleshirt,7,3
Qhorin-Halfhand,Samwell-Tarly,3,3
Qhorin-Halfhand,Ygritte,5,3
Qyburn,Roose-Bolton,3,3
Qyburn,Walton,4,3
Rafford,Sandor-Clegane,7,3
Rafford,Tickler,10,3
Ramsay-Snow,Robb-Stark,4,3
Ramsay-Snow,Roose-Bolton,4,3
Randyll-Tarly,Robett-Glover,3,3
Rattleshirt,Ryk,4,3
Rattleshirt,Styr,8,3
Rattleshirt,Tormund,5,3
Rattleshirt,Weeper,5,3
Rattleshirt,Ygritte,11,3
Raynald-Westerling,Robb-Stark,8,3
Raynald-Westerling,Rollam-Westerling,3,3
Renly-Baratheon,Robert-Baratheon,4,3
Renly-Baratheon,Sansa-Stark,4,3
Renly-Baratheon,Stannis-Baratheon,17,3
Renly-Baratheon,Tyrion-Lannister,5,3
Renly-Baratheon,Varys,4,3
Rhaegar-Targaryen,Rhaella-Targaryen,3,3
Rhaegar-Targaryen,Robert-Baratheon,8,3
Rhaegar-Targaryen,Viserys-Targaryen,7,3
Rhaella-Targaryen,Viserys-Targaryen,3,3
Rickard-Karstark,Robb-Stark,16,3
Rickon-Stark,Robb-Stark,13,3
Rickon-Stark,Sansa-Stark,7,3
Rickon-Stark,Theon-Greyjoy,8,3
Robb-Stark,Robin-Flint,3,3
Robb-Stark,Rollam-Westerling,4,3
Robb-Stark,Rolph-Spicer,5,3
Robb-Stark,Roose-Bolton,11,3
Robb-Stark,Roslin-Frey,4,3
Robb-Stark,Ryman-Frey,8,3
Robb-Stark,Sansa-Stark,17,3
Robb-Stark,Stannis-Baratheon,4,3
Robb-Stark,Stevron-Frey,4,3
Robb-Stark,Sybell-Spicer,3,3
Robb-Stark,Theon-Greyjoy,11,3
Robb-Stark,Tristifer-IV-Mudd,3,3
Robb-Stark,Tyrion-Lannister,15,3
Robb-Stark,Tywin-Lannister,15,3
Robb-Stark,Utherydes-Wayn,3,3
Robb-Stark,Walder-Frey,27,3
Robb-Stark,Walder-Rivers,4,3
Robb-Stark,Willem-Lannister,3,3
Robert-Arryn,Sansa-Stark,9,3
Robert-Baratheon,Sandor-Clegane,5,3
Robert-Baratheon,Sansa-Stark,3,3
Robert-Baratheon,Stannis-Baratheon,7,3
Robert-Baratheon,Thoros-of-Myr,6,3
Robert-Baratheon,Tyrion-Lannister,8,3
Robert-Baratheon,Tywin-Lannister,9,3
Robert-Baratheon,Varys,4,3
Robert-Baratheon,Viserys-Targaryen,6,3
Robin-Flint,Wendel-Manderly,3,3
Roose-Bolton,Ryman-Frey,3,3
Roose-Bolton,Tyrion-Lannister,6,3
Roose-Bolton,Tywin-Lannister,4,3
Roose-Bolton,Vargo-Hoat,6,3
Roose-Bolton,Walton,6,3
Rorge,Shagwell,4,3
Rorge,Vargo-Hoat,3,3
Rorge,Zollo,5,3
Roslin-Frey,Walder-Frey,6,3
Ryk,Tormund,6,3
Ryk,Ygritte,8,3
Ryman-Frey,Stevron-Frey,4,3
Salladhor-Saan,Stannis-Baratheon,6,3
Samwell-Tarly,Small-Paul,19,3
Samwell-Tarly,Stannis-Baratheon,18,3
Sandor-Clegane,Sansa-Stark,8,3
Sandor-Clegane,Thoros-of-Myr,13,3
Sandor-Clegane,Tickler,14,3
Sandor-Clegane,Tyrion-Lannister,4,3
Sansa-Stark,Shae,8,3
Sansa-Stark,Tanda-Stokeworth,3,3
Sansa-Stark,Tommen-Baratheon,3,3
Sansa-Stark,Tyrion-Lannister,78,3
Sansa-Stark,Tysha,3,3
Sansa-Stark,Tywin-Lannister,3,3
Sansa-Stark,Varys,4,3
Sansa-Stark,Willas-Tyrell,5,3
Satin,Spare-Boot,4,3
Selyse-Florent,Stannis-Baratheon,12,3
Shae,Symon-Silver-Tongue,3,3
Shae,Tanda-Stokeworth,3,3
Shae,Tyrion-Lannister,23,3
Shae,Varys,11,3
Sharna,Tom-of-Sevenstreams,3,3
Shireen-Baratheon,Stannis-Baratheon,3,3
Shireen-Baratheon,Tommen-Baratheon,3,3
Simon-Toyne,Smiling-Knight,3,3
Stannis-Baratheon,Tommen-Baratheon,3,3
Stannis-Baratheon,Tyrion-Lannister,7,3
Stannis-Baratheon,Tywin-Lannister,15,3
Styr,Tormund,5,3
Styr,Ygritte,9,3
Symon-Silver-Tongue,Tyrion-Lannister,7,3
Tanda-Stokeworth,Tyrion-Lannister,5,3
Tansy,Tom-of-Sevenstreams,3,3
Tion-Frey,Willem-Lannister,6,3
Tommen-Baratheon,Tyrion-Lannister,8,3
Tommen-Baratheon,Tywin-Lannister,5,3
Tormund,Ygritte,11,3
Tyrion-Lannister,Tysha,3,3
Tyrion-Lannister,Tywin-Lannister,44,3
Tyrion-Lannister,Varys,27,3
Tyrion-Lannister,Viserys-Targaryen,4,3
Tyrion-Lannister,Willas-Tyrell,5,3
Tywin-Lannister,Varys,5,3
Tywin-Lannister,Walder-Frey,4,3
Vargo-Hoat,Zollo,3,3
